{
    "sequence_length": 75,
    "best_hyperparameters": {
        "d_model": 64,
        "num_heads": 2,
        "num_layers": 1
    },
    "metrics": {
        "accuracy": 0.4666666666666667,
        "precision": 0.541970310391363,
        "recall": 0.4666666666666667,
        "f1_score": 0.48182987018373363
    }
}