{
    "sequence_length": 100,
    "best_hyperparameters": {
        "d_model": 32,
        "num_heads": 4,
        "num_layers": 2
    },
    "metrics": {
        "accuracy": 0.6388888888888888,
        "precision": 0.578544061302682,
        "recall": 0.6388888888888888,
        "f1_score": 0.6070707070707071
    }
}