{
    "sequence_length": 10,
    "best_hyperparameters": {
        "d_model": 64,
        "num_heads": 4,
        "num_layers": 1
    },
    "metrics": {
        "accuracy": 0.5928571428571429,
        "precision": 0.6525136065497512,
        "recall": 0.5928571428571429,
        "f1_score": 0.6002183386133576
    }
}