{
    "sequence_length": 125,
    "best_hyperparameters": {
        "d_model": 64,
        "num_heads": 4,
        "num_layers": 2
    },
    "metrics": {
        "accuracy": 0.5666666666666667,
        "precision": 0.6047008547008547,
        "recall": 0.5666666666666667,
        "f1_score": 0.4991583610188261
    }
}