{
    "sequence_length": 30,
    "best_hyperparameters": {
        "d_model": 32,
        "num_heads": 2,
        "num_layers": 1
    },
    "metrics": {
        "accuracy": 0.4625,
        "precision": 0.687728832951945,
        "recall": 0.4625,
        "f1_score": 0.46711685823754784
    }
}