{
    "sequence_length": 800,
    "best_hyperparameters": {
        "max_depth": 10,
        "min_child_samples": 20,
        "min_split_gain": 0.0,
        "n_estimators": 200
    },
    "metrics": {
        "accuracy": 0.38461538461538464,
        "precision": 0.33044871794871794,
        "recall": 0.38461538461538464,
        "f1_score": 0.35470085470085466
    },
    "runtime_s": 258.29
}