{
    "sequence_length": 200,
    "best_hyperparameters": {
        "max_depth": 10,
        "min_child_samples": 10,
        "min_split_gain": 0.1,
        "n_estimators": 200
    },
    "metrics": {
        "accuracy": 0.35714285714285715,
        "precision": 0.2624149659863945,
        "recall": 0.35714285714285715,
        "f1_score": 0.29776334776334773
    },
    "runtime_s": 102.84
}