{
    "sequence_length": 400,
    "best_hyperparameters": {
        "max_depth": 20,
        "min_child_samples": 10,
        "min_split_gain": 0.0,
        "n_estimators": 200
    },
    "metrics": {
        "accuracy": 0.4074074074074074,
        "precision": 0.29512051734273953,
        "recall": 0.4074074074074074,
        "f1_score": 0.32116402116402115
    },
    "runtime_s": 136.9
}