{
    "sequence_length": 1400,
    "best_hyperparameters": {
        "max_depth": 10,
        "min_child_samples": 10,
        "min_split_gain": 0.0,
        "n_estimators": 200
    },
    "metrics": {
        "accuracy": 0.2916666666666667,
        "precision": 0.22222222222222224,
        "recall": 0.2916666666666667,
        "f1_score": 0.24002525252525253
    },
    "runtime_s": 166.67
}