{
    "sequence_length": 1500,
    "best_hyperparameters": {
        "max_depth": 10,
        "min_child_samples": 20,
        "min_split_gain": 0.1,
        "n_estimators": 200
    },
    "metrics": {
        "accuracy": 0.30434782608695654,
        "precision": 0.2608695652173913,
        "recall": 0.30434782608695654,
        "f1_score": 0.2753623188405797
    },
    "runtime_s": 245.05
}