{
    "sequence_length": 600,
    "best_hyperparameters": {
        "max_depth": 10,
        "min_child_samples": 10,
        "min_split_gain": 0.0,
        "n_estimators": 500
    },
    "metrics": {
        "accuracy": 0.4444444444444444,
        "precision": 0.28465608465608466,
        "recall": 0.4444444444444444,
        "f1_score": 0.345398428731762
    },
    "runtime_s": 180.84
}