{
    "sequence_length": 150,
    "best_hyperparameters": {
        "max_depth": 10,
        "min_child_samples": 10,
        "min_split_gain": 0.0,
        "n_estimators": 200
    },
    "metrics": {
        "accuracy": 0.5357142857142857,
        "precision": 0.5,
        "recall": 0.5357142857142857,
        "f1_score": 0.48727106227106226
    },
    "runtime_s": 110.15
}