{
    "sequence_length": 100,
    "best_hyperparameters": {
        "max_depth": 10,
        "min_child_samples": 20,
        "min_split_gain": 0.0,
        "n_estimators": 200
    },
    "metrics": {
        "accuracy": 0.5862068965517241,
        "precision": 0.5862068965517241,
        "recall": 0.5862068965517241,
        "f1_score": 0.5762283693318176
    },
    "runtime_s": 105.99
}