{
    "sequence_length": 600,
    "best_hyperparameters": {
        "max_depth": 10,
        "min_child_samples": 10,
        "min_split_gain": 0.0,
        "n_estimators": 500
    },
    "metrics": {
        "accuracy": 0.4444444444444444,
        "precision": 0.30687830687830686,
        "recall": 0.4444444444444444,
        "f1_score": 0.35774410774410775
    },
    "runtime_s": 206.26
}