{
    "sequence_length": 2000,
    "best_hyperparameters": {
        "max_depth": 20,
        "min_child_samples": 20,
        "min_split_gain": 0.0,
        "n_estimators": 200
    },
    "metrics": {
        "accuracy": 0.14285714285714285,
        "precision": 0.23015873015873015,
        "recall": 0.14285714285714285,
        "f1_score": 0.15759637188208617
    },
    "runtime_s": 222.59
}