{
    "sequence_length": 800,
    "best_hyperparameters": {
        "max_depth": 10,
        "min_child_samples": 20,
        "min_split_gain": 0.0,
        "n_estimators": 200
    },
    "metrics": {
        "accuracy": 0.4230769230769231,
        "precision": 0.37692307692307697,
        "recall": 0.4230769230769231,
        "f1_score": 0.39316239316239315
    },
    "runtime_s": 263.74
}