{
    "sequence_length": 30,
    "best_hyperparameters": {
        "d_model": 64,
        "num_heads": 2,
        "num_layers": 1
    },
    "metrics": {
        "accuracy": 0.4875,
        "precision": 0.6398569023569023,
        "recall": 0.4875,
        "f1_score": 0.5307626538987689
    }
}