{
    "sequence_length": 100,
    "best_hyperparameters": {
        "d_model": 64,
        "num_heads": 2,
        "num_layers": 1
    },
    "metrics": {
        "accuracy": 0.5833333333333334,
        "precision": 0.5229885057471264,
        "recall": 0.5833333333333334,
        "f1_score": 0.5515151515151515
    }
}