{
    "sequence_length": 40,
    "best_hyperparameters": {
        "d_model": 32,
        "num_heads": 2,
        "num_layers": 1
    },
    "metrics": {
        "accuracy": 0.5441176470588235,
        "precision": 0.549673202614379,
        "recall": 0.5441176470588235,
        "f1_score": 0.5462931972219898
    }
}