{
    "sequence_length": 75,
    "best_hyperparameters": {
        "d_model": 32,
        "num_heads": 4,
        "num_layers": 2
    },
    "metrics": {
        "accuracy": 0.4222222222222222,
        "precision": 0.5123456790123456,
        "recall": 0.4222222222222222,
        "f1_score": 0.4444844244544394
    }
}