{
    "sequence_length": 125,
    "best_hyperparameters": {
        "d_model": 32,
        "num_heads": 2,
        "num_layers": 1
    },
    "metrics": {
        "accuracy": 0.5333333333333333,
        "precision": 0.5106060606060606,
        "recall": 0.5333333333333333,
        "f1_score": 0.492022792022792
    }
}