{
    "sequence_length": 150,
    "best_hyperparameters": {
        "d_model": 32,
        "num_heads": 4,
        "num_layers": 2
    },
    "metrics": {
        "accuracy": 0.4583333333333333,
        "precision": 0.46428571428571425,
        "recall": 0.4583333333333333,
        "f1_score": 0.44949494949494956
    }
}