{
    "sequence_length": 50,
    "best_hyperparameters": {
        "d_model": 64,
        "num_heads": 4,
        "num_layers": 2
    },
    "metrics": {
        "accuracy": 0.6949152542372882,
        "precision": 0.6979559659890759,
        "recall": 0.6949152542372882,
        "f1_score": 0.6935183460607189
    }
}