{
    "sequence_length": 20,
    "best_hyperparameters": {
        "hidden_size": 160,
        "lr": 0.001,
        "optimizer": "rmsprop"
    },
    "metrics": {
        "accuracy": 0.547085201793722,
        "precision": 0.5257678710593509,
        "recall": 0.547085201793722,
        "f1_score": 0.5320740088545417,
        "num_samples": 889,
        "sequence_length": 20
    },
    "runtime_seconds": 56.16
}