{
    "sequence_length": 125,
    "best_hyperparameters": {
        "hidden_size": 192,
        "lr": 0.0001,
        "optimizer": "rmsprop"
    },
    "metrics": {
        "accuracy": 0.3968253968253968,
        "precision": 0.15747039556563366,
        "recall": 0.3968253968253968,
        "f1_score": 0.22546897546897549,
        "num_samples": 248,
        "sequence_length": 125
    },
    "runtime_seconds": 16.61
}