{
    "sequence_length": 40,
    "best_hyperparameters": {
        "hidden_size": 128,
        "lr": 0.001,
        "optimizer": "rmsprop"
    },
    "metrics": {
        "accuracy": 0.30612244897959184,
        "precision": 0.38588768840869675,
        "recall": 0.30612244897959184,
        "f1_score": 0.1865160945520944,
        "num_samples": 584,
        "sequence_length": 40
    },
    "runtime_seconds": 10.86
}