{
    "sequence_length": 40,
    "best_hyperparameters": {
        "d_model": 32,
        "num_heads": 4,
        "num_layers": 2
    },
    "metrics": {
        "accuracy": 0.6029411764705882,
        "precision": 0.5712763366216052,
        "recall": 0.6029411764705882,
        "f1_score": 0.5707137733142038
    }
}