{
    "sequence_length": 50,
    "best_hyperparameters": {
        "d_model": 32,
        "num_heads": 4,
        "num_layers": 2
    },
    "metrics": {
        "accuracy": 0.6779661016949152,
        "precision": 0.6316153580076098,
        "recall": 0.6779661016949152,
        "f1_score": 0.6427594409753198
    }
}