{
    "sequence_length": 75,
    "best_hyperparameters": {
        "d_model": 32,
        "num_heads": 2,
        "num_layers": 1
    },
    "metrics": {
        "accuracy": 0.5555555555555556,
        "precision": 0.5224089635854342,
        "recall": 0.5555555555555556,
        "f1_score": 0.5296535244922341
    }
}