{
    "sequence_length": 150,
    "best_hyperparameters": {
        "d_model": 32,
        "num_heads": 4,
        "num_layers": 2
    },
    "metrics": {
        "accuracy": 0.3829787234042553,
        "precision": 0.28039513677811545,
        "recall": 0.3829787234042553,
        "f1_score": 0.28513306209564465
    }
}