{
    "sequence_length": 10,
    "best_hyperparameters": {
        "d_model": 64,
        "num_heads": 4,
        "num_layers": 2
    },
    "metrics": {
        "accuracy": 0.42765273311897106,
        "precision": 0.46152653467766,
        "recall": 0.42765273311897106,
        "f1_score": 0.4255077040666094
    }
}