{
    "sequence_length": 75,
    "best_hyperparameters": {
        "d_model": 64,
        "num_heads": 4,
        "num_layers": 2
    },
    "metrics": {
        "accuracy": 0.42105263157894735,
        "precision": 0.4773546214456867,
        "recall": 0.42105263157894735,
        "f1_score": 0.43399997558832143
    }
}