{
    "sequence_length": 30,
    "best_hyperparameters": {
        "d_model": 64,
        "num_heads": 4,
        "num_layers": 2
    },
    "metrics": {
        "accuracy": 0.4939759036144578,
        "precision": 0.48766715850867304,
        "recall": 0.4939759036144578,
        "f1_score": 0.45246497002818065
    }
}