{
    "sequence_length": 40,
    "best_hyperparameters": {
        "d_model": 64,
        "num_heads": 4,
        "num_layers": 2
    },
    "metrics": {
        "accuracy": 0.2857142857142857,
        "precision": 0.21698523680885035,
        "recall": 0.2857142857142857,
        "f1_score": 0.21421844957016148
    }
}