{
    "sequence_length": 100,
    "best_hyperparameters": {
        "d_model": 64,
        "num_heads": 4,
        "num_layers": 2
    },
    "metrics": {
        "accuracy": 0.35365853658536583,
        "precision": 0.3643623046137582,
        "recall": 0.35365853658536583,
        "f1_score": 0.351877424291733
    }
}