{
    "sequence_length": 125,
    "best_hyperparameters": {
        "d_model": 64,
        "num_heads": 2,
        "num_layers": 2
    },
    "metrics": {
        "accuracy": 0.47619047619047616,
        "precision": 0.6398185941043083,
        "recall": 0.47619047619047616,
        "f1_score": 0.44585084802476116
    }
}