{
    "sequence_length": 20,
    "best_hyperparameters": {
        "d_model": 32,
        "num_heads": 4,
        "num_layers": 2
    },
    "metrics": {
        "accuracy": 0.5919282511210763,
        "precision": 0.4196282934541136,
        "recall": 0.5919282511210763,
        "f1_score": 0.4871568311046914
    }
}