{
    "sequence_length": 800,
    "best_hyperparameters": {
        "d_model": 64,
        "num_heads": 4,
        "num_layers": 2
    },
    "metrics": {
        "accuracy": 0.4230769230769231,
        "precision": 0.4743589743589744,
        "recall": 0.4230769230769231,
        "f1_score": 0.44153282614821077
    }
}