{
    "sequence_length": 150,
    "best_hyperparameters": {
        "d_model": 32,
        "num_heads": 2,
        "num_layers": 2
    },
    "metrics": {
        "accuracy": 0.03571428571428571,
        "precision": 0.10714285714285714,
        "recall": 0.03571428571428571,
        "f1_score": 0.05357142857142857
    }
}