{
    "sequence_length": 100,
    "best_hyperparameters": {
        "d_model": 64,
        "num_heads": 4,
        "num_layers": 1
    },
    "metrics": {
        "accuracy": 0.3793103448275862,
        "precision": 0.4482758620689655,
        "recall": 0.3793103448275862,
        "f1_score": 0.3831417624521073
    }
}