{
    "sequence_length": 1500,
    "best_hyperparameters": {
        "d_model": 64,
        "num_heads": 2,
        "num_layers": 1
    },
    "metrics": {
        "accuracy": 0.08695652173913043,
        "precision": 0.2391304347826087,
        "recall": 0.08695652173913043,
        "f1_score": 0.10144927536231883
    }
}