{
    "sequence_length": 1400,
    "best_hyperparameters": {
        "d_model": 64,
        "num_heads": 4,
        "num_layers": 2
    },
    "metrics": {
        "accuracy": 0.20833333333333334,
        "precision": 0.1369047619047619,
        "recall": 0.20833333333333334,
        "f1_score": 0.15833333333333333
    }
}