{
    "sequence_length": 400,
    "best_hyperparameters": {
        "d_model": 64,
        "num_heads": 2,
        "num_layers": 2
    },
    "metrics": {
        "accuracy": 0.2962962962962963,
        "precision": 0.23492063492063492,
        "recall": 0.2962962962962963,
        "f1_score": 0.254320987654321
    }
}