{
    "sequence_length": 700,
    "best_hyperparameters": {
        "max_depth": 10,
        "min_child_samples": 10,
        "min_split_gain": 0.0,
        "n_estimators": 200
    },
    "metrics": {
        "accuracy": 0.9714285714285714,
        "precision": 1.0,
        "recall": 0.9714285714285714,
        "f1_score": 0.9850931677018634
    },
    "runtime_s": 203.05
}