{
    "sequence_length": 400,
    "best_hyperparameters": {
        "max_depth": 10,
        "min_child_samples": 20,
        "min_split_gain": 0.1,
        "n_estimators": 200
    },
    "metrics": {
        "accuracy": 0.9069767441860465,
        "precision": 0.8772609819121446,
        "recall": 0.9069767441860465,
        "f1_score": 0.8873037587127873
    },
    "runtime_s": 171.74
}