{
    "sequence_length": 600,
    "best_hyperparameters": {
        "max_depth": 10,
        "min_child_samples": 20,
        "min_split_gain": 0.0,
        "n_estimators": 200
    },
    "metrics": {
        "accuracy": 0.918918918918919,
        "precision": 0.8709533709533709,
        "recall": 0.918918918918919,
        "f1_score": 0.894014014014014
    },
    "runtime_s": 179.26
}