{
    "sequence_length": 300,
    "best_hyperparameters": {
        "max_depth": 10,
        "min_child_samples": 10,
        "min_split_gain": 0.0,
        "n_estimators": 200
    },
    "metrics": {
        "accuracy": 0.9148936170212766,
        "precision": 0.9428191489361702,
        "recall": 0.9148936170212766,
        "f1_score": 0.922728922512183
    },
    "runtime_s": 166.78
}