{
    "sequence_length": 800,
    "best_hyperparameters": {
        "max_depth": 20,
        "min_child_samples": 10,
        "min_split_gain": 0.1,
        "n_estimators": 500
    },
    "metrics": {
        "accuracy": 0.78125,
        "precision": 0.7032986111111111,
        "recall": 0.78125,
        "f1_score": 0.7340904344193817
    },
    "runtime_s": 162.17
}