{
    "sequence_length": 200,
    "best_hyperparameters": {
        "max_depth": 10,
        "min_child_samples": 10,
        "min_split_gain": 0.1,
        "n_estimators": 500
    },
    "metrics": {
        "accuracy": 0.8333333333333334,
        "precision": 0.8936319898329701,
        "recall": 0.8333333333333334,
        "f1_score": 0.851657907907908
    },
    "runtime_s": 130.83
}