{
    "sequence_length": 300,
    "best_hyperparameters": {
        "hidden_size": 160,
        "lr": 0.0001,
        "optimizer": "rmsprop"
    },
    "metrics": {
        "accuracy": 0.8297872340425532,
        "precision": 0.8684814351272424,
        "recall": 0.8297872340425532,
        "f1_score": 0.8320109958877168,
        "num_samples": 819,
        "sequence_length": 300
    },
    "runtime_seconds": 147.01
}