{
    "sequence_length": 200,
    "best_hyperparameters": {
        "hidden_size": 192,
        "lr": 0.0001,
        "optimizer": "rmsprop"
    },
    "metrics": {
        "accuracy": 0.8148148148148148,
        "precision": 0.9032921810699587,
        "recall": 0.8148148148148148,
        "f1_score": 0.8387345679012346,
        "num_samples": 1053,
        "sequence_length": 200
    },
    "runtime_seconds": 145.55
}