{
    "sequence_length": 500,
    "best_hyperparameters": {
        "hidden_size": 192,
        "lr": 0.0001,
        "optimizer": "adam"
    },
    "metrics": {
        "accuracy": 0.7837837837837838,
        "precision": 0.8596096096096096,
        "recall": 0.7837837837837838,
        "f1_score": 0.8065078065078065,
        "num_samples": 695,
        "sequence_length": 500
    },
    "runtime_seconds": 192.3
}