{
    "sequence_length": 700,
    "best_hyperparameters": {
        "hidden_size": 160,
        "lr": 0.0001,
        "optimizer": "rmsprop"
    },
    "metrics": {
        "accuracy": 0.7428571428571429,
        "precision": 0.7547252747252747,
        "recall": 0.7428571428571429,
        "f1_score": 0.7448051948051949,
        "num_samples": 576,
        "sequence_length": 700
    },
    "runtime_seconds": 206.55
}