{
    "sequence_length": 2000,
    "best_hyperparameters": {
        "d_model": 64,
        "num_heads": 4,
        "num_layers": 2
    },
    "metrics": {
        "accuracy": 0.14285714285714285,
        "precision": 0.021428571428571425,
        "recall": 0.14285714285714285,
        "f1_score": 0.03726708074534161
    }
}