{
    "sequence_length": 1500,
    "best_hyperparameters": {
        "d_model": 64,
        "num_heads": 4,
        "num_layers": 1
    },
    "metrics": {
        "accuracy": 0.391304347826087,
        "precision": 0.24879227053140096,
        "recall": 0.391304347826087,
        "f1_score": 0.30148112756808404
    }
}