{
    "sequence_length": 200,
    "best_hyperparameters": {
        "d_model": 64,
        "num_heads": 2,
        "num_layers": 1
    },
    "metrics": {
        "accuracy": 0.2857142857142857,
        "precision": 0.1679421768707483,
        "recall": 0.2857142857142857,
        "f1_score": 0.2006648113790971
    }
}