{
    "sequence_length": 100,
    "best_hyperparameters": {
        "d_model": 64,
        "num_heads": 2,
        "num_layers": 2
    },
    "metrics": {
        "accuracy": 0.27586206896551724,
        "precision": 0.2314765694076039,
        "recall": 0.27586206896551724,
        "f1_score": 0.23803238503782967
    }
}