{
    "sequence_length": 1400,
    "best_hyperparameters": {
        "d_model": 32,
        "num_heads": 2,
        "num_layers": 2
    },
    "metrics": {
        "accuracy": 0.20833333333333334,
        "precision": 0.04340277777777778,
        "recall": 0.20833333333333334,
        "f1_score": 0.07183908045977012
    }
}