{
    "sequence_length": 150,
    "best_hyperparameters": {
        "d_model": 64,
        "num_heads": 2,
        "num_layers": 2
    },
    "metrics": {
        "accuracy": 0.25,
        "precision": 0.2523809523809524,
        "recall": 0.25,
        "f1_score": 0.24568288854003142
    }
}