{
    "sequence_length": 600,
    "best_hyperparameters": {
        "hidden_size": 192,
        "lr": 0.001,
        "optimizer": "rmsprop"
    },
    "metrics": {
        "accuracy": 0.9027777777777778,
        "precision": 0.9018577872744539,
        "recall": 0.9027777777777778,
        "f1_score": 0.8923509698126065,
        "num_samples": 573,
        "sequence_length": 600
    },
    "runtime_seconds": 535.19
}