{
    "sequence_length": 1400,
    "best_hyperparameters": {
        "hidden_size": 192,
        "lr": 0.001,
        "optimizer": "rmsprop"
    },
    "metrics": {
        "accuracy": 0.04424778761061947,
        "precision": 0.00195786670843449,
        "recall": 0.04424778761061947,
        "f1_score": 0.003749812509374531,
        "num_samples": 449,
        "sequence_length": 1400
    },
    "runtime_seconds": 272.03
}