{
    "sequence_length": 400,
    "best_hyperparameters": {
        "hidden_size": 128,
        "lr": 0.001,
        "optimizer": "rmsprop"
    },
    "metrics": {
        "accuracy": 0.09395973154362416,
        "precision": 0.008828431151749921,
        "recall": 0.09395973154362416,
        "f1_score": 0.016140321982953846,
        "num_samples": 596,
        "sequence_length": 400
    },
    "runtime_seconds": 178.49
}