{
    "sequence_length": 100,
    "best_hyperparameters": {
        "hidden_size": 96,
        "lr": 0.0005,
        "optimizer": "adam"
    },
    "metrics": {
        "accuracy": 0.4827586206896552,
        "precision": 0.4482758620689655,
        "recall": 0.4827586206896552,
        "f1_score": 0.43678160919540227,
        "num_samples": 605,
        "sequence_length": 100
    },
    "runtime_seconds": 21.16
}