{
    "sequence_length": 1400,
    "best_hyperparameters": {
        "hidden_size": 64,
        "lr": 0.0005,
        "optimizer": "adam"
    },
    "metrics": {
        "accuracy": 0.2608695652173913,
        "precision": 0.19106280193236716,
        "recall": 0.2608695652173913,
        "f1_score": 0.19207603990212685,
        "num_samples": 309,
        "sequence_length": 1400
    },
    "runtime_seconds": 13.98
}