{
    "sequence_length": 2000,
    "best_hyperparameters": {
        "hidden_size": 192,
        "lr": 0.0001,
        "optimizer": "rmsprop"
    },
    "metrics": {
        "accuracy": 0.14285714285714285,
        "precision": 0.08571428571428572,
        "recall": 0.14285714285714285,
        "f1_score": 0.10204081632653061,
        "num_samples": 274,
        "sequence_length": 2000
    },
    "runtime_seconds": 12.18
}