{
    "sequence_length": 400,
    "best_hyperparameters": {
        "hidden_size": 192,
        "lr": 0.0005,
        "optimizer": "adam"
    },
    "metrics": {
        "accuracy": 0.34782608695652173,
        "precision": 0.32298136645962733,
        "recall": 0.34782608695652173,
        "f1_score": 0.3296066252587992,
        "num_samples": 472,
        "sequence_length": 400
    },
    "runtime_seconds": 18.81
}