{
    "sequence_length": 1200,
    "best_hyperparameters": {
        "hidden_size": 192,
        "lr": 0.0001,
        "optimizer": "rmsprop"
    },
    "metrics": {
        "accuracy": 0.4782608695652174,
        "precision": 0.43409247757073843,
        "recall": 0.4782608695652174,
        "f1_score": 0.4372073578595318,
        "num_samples": 388,
        "sequence_length": 1200
    },
    "runtime_seconds": 19.57
}