{
    "sequence_length": 150,
    "best_hyperparameters": {
        "hidden_size": 128,
        "lr": 0.0005,
        "optimizer": "adam"
    },
    "metrics": {
        "accuracy": 0.35714285714285715,
        "precision": 0.2732426303854875,
        "recall": 0.35714285714285715,
        "f1_score": 0.30863095238095234,
        "num_samples": 489,
        "sequence_length": 150
    },
    "runtime_seconds": 19.2
}