{
    "sequence_length": 600,
    "best_hyperparameters": {
        "hidden_size": 32,
        "lr": 0.0005,
        "optimizer": "rmsprop"
    },
    "metrics": {
        "accuracy": 0.391304347826087,
        "precision": 0.22826086956521738,
        "recall": 0.391304347826087,
        "f1_score": 0.2727272727272727,
        "num_samples": 389,
        "sequence_length": 600
    },
    "runtime_seconds": 16.18
}