{
    "sequence_length": 200,
    "best_hyperparameters": {
        "hidden_size": 128,
        "lr": 0.0005,
        "optimizer": "adam"
    },
    "metrics": {
        "accuracy": 0.30434782608695654,
        "precision": 0.23229813664596274,
        "recall": 0.30434782608695654,
        "f1_score": 0.26130873956960915,
        "num_samples": 427,
        "sequence_length": 200
    },
    "runtime_seconds": 16.69
}