{
    "sequence_length": 1500,
    "best_hyperparameters": {
        "d_model": 64,
        "num_heads": 2,
        "num_layers": 1
    },
    "metrics": {
        "accuracy": 0.6666666666666666,
        "precision": 0.5512152777777778,
        "recall": 0.6666666666666666,
        "f1_score": 0.5901234567901233
    }
}