{
    "sequence_length": 150,
    "best_hyperparameters": {
        "d_model": 32,
        "num_heads": 4,
        "num_layers": 1
    },
    "metrics": {
        "accuracy": 0.41935483870967744,
        "precision": 0.3870967741935484,
        "recall": 0.41935483870967744,
        "f1_score": 0.38237031785418885
    }
}