{
    "sequence_length": 2000,
    "best_hyperparameters": {
        "d_model": 64,
        "num_heads": 2,
        "num_layers": 1
    },
    "metrics": {
        "accuracy": 0.34782608695652173,
        "precision": 0.15489130434782608,
        "recall": 0.34782608695652173,
        "f1_score": 0.21424070573408951
    }
}