{
    "sequence_length": 800,
    "best_hyperparameters": {
        "d_model": 32,
        "num_heads": 4,
        "num_layers": 2
    },
    "metrics": {
        "accuracy": 0.4444444444444444,
        "precision": 0.5427350427350427,
        "recall": 0.4444444444444444,
        "f1_score": 0.45465768799102124
    }
}