{
    "sequence_length": 100,
    "best_hyperparameters": {
        "d_model": 32,
        "num_heads": 4,
        "num_layers": 1
    },
    "metrics": {
        "accuracy": 0.3225806451612903,
        "precision": 0.3225806451612903,
        "recall": 0.3225806451612903,
        "f1_score": 0.3195084485407066
    }
}