{
    "sequence_length": 400,
    "best_hyperparameters": {
        "d_model": 64,
        "num_heads": 4,
        "num_layers": 2
    },
    "metrics": {
        "accuracy": 0.6206896551724138,
        "precision": 0.5172413793103449,
        "recall": 0.6206896551724138,
        "f1_score": 0.5611769404872853
    }
}