{
    "sequence_length": 600,
    "best_params": {
        "bootstrap": false,
        "max_depth": null,
        "min_samples_leaf": 1,
        "min_samples_split": 2,
        "n_estimators": 200
    },
    "metrics": {
        "accuracy": 0.6785714285714286,
        "precision": 0.5512422360248447,
        "recall": 0.6785714285714286,
        "f1_score": 0.597723704866562
    }
}