{
    "sequence_length": 1500,
    "best_params": {
        "bootstrap": true,
        "max_depth": null,
        "min_samples_leaf": 1,
        "min_samples_split": 2,
        "n_estimators": 300
    },
    "metrics": {
        "accuracy": 0.5833333333333334,
        "precision": 0.4606481481481482,
        "recall": 0.5833333333333334,
        "f1_score": 0.476867816091954
    }
}