{
    "sequence_length": 400,
    "best_params": {
        "bootstrap": false,
        "max_depth": null,
        "min_samples_leaf": 1,
        "min_samples_split": 2,
        "n_estimators": 100
    },
    "metrics": {
        "accuracy": 0.5862068965517241,
        "precision": 0.38186462324393355,
        "recall": 0.5862068965517241,
        "f1_score": 0.46081504702194354
    }
}