{
    "sequence_length": 2000,
    "best_hyperparameters": {
        "hidden_size": 64,
        "lr": 0.0001,
        "optimizer": "rmsprop"
    },
    "metrics": {
        "accuracy": 0.14285714285714285,
        "precision": 0.055555555555555546,
        "recall": 0.14285714285714285,
        "f1_score": 0.0761904761904762,
        "num_samples": 274,
        "sequence_length": 2000
    },
    "runtime_seconds": 13.36
}