{
    "sequence_length": 150,
    "best_hyperparameters": {
        "hidden_size": 128,
        "lr": 0.001,
        "optimizer": "adam"
    },
    "metrics": {
        "accuracy": 0.32142857142857145,
        "precision": 0.21045918367346936,
        "recall": 0.32142857142857145,
        "f1_score": 0.25170881749829116,
        "num_samples": 489,
        "sequence_length": 150
    },
    "runtime_seconds": 19.95
}