{
    "sequence_length": 800,
    "best_hyperparameters": {
        "hidden_size": 128,
        "lr": 0.0005,
        "optimizer": "sgd"
    },
    "metrics": {
        "accuracy": 0.038461538461538464,
        "precision": 0.0018315018315018315,
        "recall": 0.038461538461538464,
        "f1_score": 0.0034965034965034965,
        "num_samples": 400,
        "sequence_length": 800
    },
    "runtime_seconds": 22.93
}