{
    "sequence_length": 1500,
    "best_hyperparameters": {
        "hidden_size": 64,
        "lr": 0.0005,
        "optimizer": "rmsprop"
    },
    "metrics": {
        "accuracy": 0.043478260869565216,
        "precision": 0.21739130434782608,
        "recall": 0.043478260869565216,
        "f1_score": 0.07246376811594202,
        "num_samples": 391,
        "sequence_length": 1500
    },
    "runtime_seconds": 17.38
}