{
    "sequence_length": 400,
    "best_hyperparameters": {
        "hidden_size": 192,
        "lr": 0.001,
        "optimizer": "adam"
    },
    "metrics": {
        "accuracy": 0.34782608695652173,
        "precision": 0.24637681159420288,
        "recall": 0.34782608695652173,
        "f1_score": 0.27577639751552796,
        "num_samples": 472,
        "sequence_length": 400
    },
    "runtime_seconds": 21.24
}