{
    "sequence_length": 200,
    "best_hyperparameters": {
        "hidden_size": 64,
        "lr": 0.0005,
        "optimizer": "adam"
    },
    "metrics": {
        "accuracy": 0.21739130434782608,
        "precision": 0.17391304347826086,
        "recall": 0.21739130434782608,
        "f1_score": 0.18840579710144925,
        "num_samples": 427,
        "sequence_length": 200
    },
    "runtime_seconds": 20.8
}