{
    "sequence_length": 75,
    "best_hyperparameters": {
        "hidden_size": 32,
        "lr": 0.0001,
        "optimizer": "adam"
    },
    "metrics": {
        "accuracy": 0.6222222222222222,
        "precision": 0.38716049382716056,
        "recall": 0.6222222222222222,
        "f1_score": 0.4773211567732116,
        "num_samples": 372,
        "sequence_length": 75
    },
    "runtime_seconds": 8.73
}