{
    "sequence_length": 125,
    "best_hyperparameters": {
        "hidden_size": 128,
        "lr": 0.0001,
        "optimizer": "sgd"
    },
    "metrics": {
        "accuracy": 0.5333333333333333,
        "precision": 0.5182503770739065,
        "recall": 0.5333333333333333,
        "f1_score": 0.4944444444444444,
        "num_samples": 261,
        "sequence_length": 125
    },
    "runtime_seconds": 6.36
}