{
    "sequence_length": 50,
    "best_hyperparameters": {
        "hidden_size": 96,
        "lr": 0.0001,
        "optimizer": "adam"
    },
    "metrics": {
        "accuracy": 0.4406779661016949,
        "precision": 0.661296111665005,
        "recall": 0.4406779661016949,
        "f1_score": 0.4588008332068505,
        "num_samples": 519,
        "sequence_length": 50
    },
    "runtime_seconds": 10.32
}