{
    "sequence_length": 40,
    "best_hyperparameters": {
        "subsample": 1.0,
        "n_estimators": 300,
        "max_depth": 10,
        "learning_rate": 0.1,
        "colsample_bytree": 0.8
    },
    "metrics": {
        "accuracy": 0.5735294117647058,
        "precision": 0.5340958605664488,
        "recall": 0.5735294117647058,
        "f1_score": 0.524251004749726
    }
}