{
    "sequence_length": 700,
    "best_params": {
        "bootstrap": true,
        "max_depth": null,
        "min_samples_leaf": 1,
        "min_samples_split": 5,
        "n_estimators": 50
    },
    "metrics": {
        "accuracy": 0.9714285714285714,
        "precision": 0.9738095238095237,
        "recall": 0.9714285714285714,
        "f1_score": 0.9714285714285714
    }
}