{
    "sequence_length": 400,
    "best_params": {
        "bootstrap": true,
        "max_depth": null,
        "min_samples_leaf": 1,
        "min_samples_split": 2,
        "n_estimators": 200
    },
    "metrics": {
        "accuracy": 0.9069767441860465,
        "precision": 0.8558139534883721,
        "recall": 0.9069767441860465,
        "f1_score": 0.8762038994597133
    }
}