{
    "sequence_length": 500,
    "best_params": {
        "bootstrap": true,
        "max_depth": null,
        "min_samples_leaf": 1,
        "min_samples_split": 2,
        "n_estimators": 50
    },
    "metrics": {
        "accuracy": 0.9210526315789473,
        "precision": 0.8832236842105263,
        "recall": 0.9210526315789473,
        "f1_score": 0.898332997244068
    }
}