{
    "sequence_length": 100,
    "best_hyperparameters": {
        "units": 96,
        "learning_rate": 0.01,
        "optimizer": "adam",
        "batch_size": 128
    },
    "metrics": {
        "accuracy": 0.7317073170731707,
        "precision": 0.7246787645639869,
        "recall": 0.7317073170731707,
        "f1_score": 0.707026559070769
    },
    "runtime_seconds": 149.14
}