{
    "sequence_length": 50,
    "best_hyperparameters": {
        "units": 128,
        "learning_rate": 0.01,
        "optimizer": "rmsprop",
        "batch_size": 16
    },
    "metrics": {
        "accuracy": 0.9147286821705426,
        "precision": 0.9255739266008794,
        "recall": 0.9147286821705426,
        "f1_score": 0.9108462757169965
    },
    "runtime_seconds": 162.23
}