{
    "sequence_length": 20,
    "best_hyperparameters": {
        "units": 64,
        "learning_rate": 0.01,
        "optimizer": "rmsprop",
        "batch_size": 64
    },
    "metrics": {
        "accuracy": 0.8295964125560538,
        "precision": 0.8398565325415102,
        "recall": 0.8295964125560538,
        "f1_score": 0.8125601229414232
    },
    "runtime_seconds": 152.13
}