{
    "sequence_length": 40,
    "best_hyperparameters": {
        "units": 160,
        "learning_rate": 0.01,
        "optimizer": "adam",
        "batch_size": 64
    },
    "metrics": {
        "accuracy": 0.8503401360544217,
        "precision": 0.8577855533791312,
        "recall": 0.8503401360544217,
        "f1_score": 0.8506308506308505
    },
    "runtime_seconds": 89.64
}