{
    "sequence_length": 10,
    "best_hyperparameters": {
        "units": 192,
        "learning_rate": 0.001,
        "optimizer": "adam",
        "batch_size": 64
    },
    "metrics": {
        "accuracy": 0.729903536977492,
        "precision": 0.7328019121093704,
        "recall": 0.729903536977492,
        "f1_score": 0.7213601905067857
    },
    "runtime_seconds": 185.58
}