{
    "sequence_length": 300,
    "best_hyperparameters": {
        "hidden_size": 160,
        "lr": 0.0001,
        "optimizer": "adam"
    },
    "metrics": {
        "accuracy": 0.8297872340425532,
        "precision": 0.9428191489361702,
        "recall": 0.8297872340425532,
        "f1_score": 0.8700314717513634,
        "num_samples": 1091,
        "sequence_length": 300
    },
    "runtime_seconds": 46.16
}