{
    "sequence_length": 700,
    "best_hyperparameters": {
        "hidden_size": 192,
        "lr": 0.0005,
        "optimizer": "adam"
    },
    "metrics": {
        "accuracy": 0.8571428571428571,
        "precision": 0.9047619047619048,
        "recall": 0.8571428571428571,
        "f1_score": 0.8719313812481514,
        "num_samples": 788,
        "sequence_length": 700
    },
    "runtime_seconds": 32.31
}