{
    "sequence_length": 600,
    "best_hyperparameters": {
        "hidden_size": 160,
        "lr": 0.001,
        "optimizer": "adam"
    },
    "metrics": {
        "accuracy": 0.918918918918919,
        "precision": 0.896049896049896,
        "recall": 0.918918918918919,
        "f1_score": 0.9070270270270271,
        "num_samples": 776,
        "sequence_length": 600
    },
    "runtime_seconds": 30.72
}