{
    "sequence_length": 150,
    "best_hyperparameters": {
        "hidden_size": 160,
        "lr": 0.001,
        "optimizer": "sgd"
    },
    "metrics": {
        "accuracy": 0.9473684210526315,
        "precision": 0.9649122807017544,
        "recall": 0.9473684210526315,
        "f1_score": 0.9532163742690059,
        "num_samples": 1573,
        "sequence_length": 150
    },
    "runtime_seconds": 59.03
}