{
    "sequence_length": 400,
    "best_hyperparameters": {
        "hidden_size": 192,
        "lr": 0.0005,
        "optimizer": "rmsprop"
    },
    "metrics": {
        "accuracy": 0.926829268292683,
        "precision": 0.9296987087517934,
        "recall": 0.926829268292683,
        "f1_score": 0.926829268292683,
        "num_samples": 1077,
        "sequence_length": 400
    },
    "runtime_seconds": 41.61
}