{
    "sequence_length": 500,
    "best_hyperparameters": {
        "hidden_size": 96,
        "lr": 0.0005,
        "optimizer": "rmsprop"
    },
    "metrics": {
        "accuracy": 0.8918918918918919,
        "precision": 0.8957528957528956,
        "recall": 0.8918918918918919,
        "f1_score": 0.892892892892893,
        "num_samples": 927,
        "sequence_length": 500
    },
    "runtime_seconds": 36.52
}