{
    "sequence_length": 100,
    "best_hyperparameters": {
        "hidden_size": 192,
        "lr": 0.001,
        "optimizer": "sgd"
    },
    "metrics": {
        "accuracy": 0.796875,
        "precision": 0.8169157608695652,
        "recall": 0.796875,
        "f1_score": 0.7973013565891474,
        "num_samples": 1778,
        "sequence_length": 100
    },
    "runtime_seconds": 60.53
}