{
    "sequence_length": 200,
    "best_hyperparameters": {
        "d_model": 64,
        "num_heads": 4,
        "num_layers": 1
    },
    "metrics": {
        "accuracy": 0.39285714285714285,
        "precision": 0.24642857142857144,
        "recall": 0.39285714285714285,
        "f1_score": 0.29761904761904756
    }
}