{
    "sequence_length": 800,
    "best_hyperparameters": {
        "d_model": 32,
        "num_heads": 2,
        "num_layers": 1
    },
    "metrics": {
        "accuracy": 0.3076923076923077,
        "precision": 0.48717948717948717,
        "recall": 0.3076923076923077,
        "f1_score": 0.33811188811188814
    }
}