{
    "sequence_length": 600,
    "best_hyperparameters": {
        "d_model": 32,
        "num_heads": 2,
        "num_layers": 1
    },
    "metrics": {
        "accuracy": 0.4074074074074074,
        "precision": 0.2449254449254449,
        "recall": 0.4074074074074074,
        "f1_score": 0.30430668339165073
    }
}