{
    "sequence_length": 150,
    "best_hyperparameters": {
        "d_model": 64,
        "num_heads": 2,
        "num_layers": 1
    },
    "metrics": {
        "accuracy": 0.35714285714285715,
        "precision": 0.3514030612244898,
        "recall": 0.35714285714285715,
        "f1_score": 0.3324175824175824
    }
}