{
    "sequence_length": 2000,
    "best_hyperparameters": {
        "d_model": 64,
        "num_heads": 4,
        "num_layers": 1
    },
    "metrics": {
        "accuracy": 0.38095238095238093,
        "precision": 0.3253968253968254,
        "recall": 0.38095238095238093,
        "f1_score": 0.34421768707482997
    }
}