{
    "sequence_length": 1400,
    "best_hyperparameters": {
        "d_model": 32,
        "num_heads": 2,
        "num_layers": 1
    },
    "metrics": {
        "accuracy": 0.3333333333333333,
        "precision": 0.27395833333333336,
        "recall": 0.3333333333333333,
        "f1_score": 0.2856379731379731
    }
}