{
    "sequence_length": 100,
    "best_hyperparameters": {
        "d_model": 32,
        "num_heads": 4,
        "num_layers": 2
    },
    "metrics": {
        "accuracy": 0.5517241379310345,
        "precision": 0.5152709359605911,
        "recall": 0.5517241379310345,
        "f1_score": 0.51657824933687
    }
}