{
    "sequence_length": 1500,
    "best_hyperparameters": {
        "d_model": 64,
        "num_heads": 2,
        "num_layers": 2
    },
    "metrics": {
        "accuracy": 0.34782608695652173,
        "precision": 0.2842809364548495,
        "recall": 0.34782608695652173,
        "f1_score": 0.2898550724637681
    }
}