{
    "sequence_length": 1200,
    "best_hyperparameters": {
        "d_model": 32,
        "num_heads": 4,
        "num_layers": 1
    },
    "metrics": {
        "accuracy": 0.52,
        "precision": 0.38266666666666665,
        "recall": 0.52,
        "f1_score": 0.4353684210526316
    }
}