{
    "sequence_length": 400,
    "best_hyperparameters": {
        "max_depth": 10,
        "min_child_samples": 10,
        "min_split_gain": 0.0,
        "n_estimators": 200
    },
    "metrics": {
        "accuracy": 0.9302325581395349,
        "precision": 0.8674219837010534,
        "recall": 0.9302325581395349,
        "f1_score": 0.8971819425444596
    },
    "runtime_s": 113.3
}