{
    "sequence_length": 600,
    "best_hyperparameters": {
        "max_depth": 10,
        "min_child_samples": 10,
        "min_split_gain": 0.1,
        "n_estimators": 200
    },
    "metrics": {
        "accuracy": 0.8918918918918919,
        "precision": 0.8826781326781326,
        "recall": 0.8918918918918919,
        "f1_score": 0.8830507526159702
    },
    "runtime_s": 116.17
}