{
    "sequence_length": 300,
    "best_hyperparameters": {
        "max_depth": 10,
        "min_child_samples": 10,
        "min_split_gain": 0.0,
        "n_estimators": 500
    },
    "metrics": {
        "accuracy": 0.8936170212765957,
        "precision": 0.9321808510638298,
        "recall": 0.8936170212765957,
        "f1_score": 0.9035305528098939
    },
    "runtime_s": 102.03
}