{
    "sequence_length": 150,
    "best_hyperparameters": {
        "max_depth": 10,
        "min_child_samples": 10,
        "min_split_gain": 0.0,
        "n_estimators": 500
    },
    "metrics": {
        "accuracy": 0.9310344827586207,
        "precision": 0.9353448275862069,
        "recall": 0.9310344827586207,
        "f1_score": 0.9293924466338259
    },
    "runtime_s": 128.07
}