{
    "sequence_length": 100,
    "best_hyperparameters": {
        "hidden_size": 160,
        "lr": 0.001,
        "optimizer": "adam"
    },
    "metrics": {
        "accuracy": 0.4015151515151515,
        "precision": 0.3012877694695877,
        "recall": 0.4015151515151515,
        "f1_score": 0.3344228368804424,
        "num_samples": 527,
        "sequence_length": 100
    },
    "runtime_seconds": 77.03
}