{
    "sequence_length": 200,
    "best_hyperparameters": {
        "hidden_size": 192,
        "lr": 0.001,
        "optimizer": "rmsprop"
    },
    "metrics": {
        "accuracy": 0.12605042016806722,
        "precision": 0.01588870842454629,
        "recall": 0.12605042016806722,
        "f1_score": 0.028220243321209083,
        "num_samples": 474,
        "sequence_length": 200
    },
    "runtime_seconds": 78.94
}