{
    "sequence_length": 150,
    "best_hyperparameters": {
        "hidden_size": 192,
        "lr": 0.001,
        "optimizer": "rmsprop"
    },
    "metrics": {
        "accuracy": 0.8931297709923665,
        "precision": 0.9079596377908953,
        "recall": 0.8931297709923665,
        "f1_score": 0.8880912097143515,
        "num_samples": 524,
        "sequence_length": 150
    },
    "runtime_seconds": 97.83
}