{
    "sequence_length": 600,
    "best_hyperparameters": {
        "hidden_size": 128,
        "lr": 0.001,
        "optimizer": "adam"
    },
    "metrics": {
        "accuracy": 0.7013888888888888,
        "precision": 0.7600692698731915,
        "recall": 0.7013888888888888,
        "f1_score": 0.6826632874640121,
        "num_samples": 573,
        "sequence_length": 600
    },
    "runtime_seconds": 89.04
}