{
    "sequence_length": 2500,
    "best_hyperparameters": {
        "hidden_size": 96,
        "lr": 0.0005,
        "optimizer": "rmsprop"
    },
    "metrics": {
        "accuracy": 0.5357142857142857,
        "precision": 0.49551282051282053,
        "recall": 0.5357142857142857,
        "f1_score": 0.4735391592534449,
        "num_samples": 335,
        "sequence_length": 2500
    },
    "runtime_seconds": 436.38
}