{
    "sequence_length": 1500,
    "best_hyperparameters": {
        "hidden_size": 160,
        "lr": 0.001,
        "optimizer": "rmsprop"
    },
    "metrics": {
        "accuracy": 0.09615384615384616,
        "precision": 0.009245562130177515,
        "recall": 0.09615384615384616,
        "f1_score": 0.016869095816464237,
        "num_samples": 415,
        "sequence_length": 1500
    },
    "runtime_seconds": 184.99
}