{
    "sequence_length": 1400,
    "best_hyperparameters": {
        "hidden_size": 128,
        "lr": 0.001,
        "optimizer": "rmsprop"
    },
    "metrics": {
        "accuracy": 0.5221238938053098,
        "precision": 0.5103994697107432,
        "recall": 0.5221238938053098,
        "f1_score": 0.47640912608898034,
        "num_samples": 449,
        "sequence_length": 1400
    },
    "runtime_seconds": 151.6
}