{
    "sequence_length": 10,
    "best_params": {
        "bootstrap": false,
        "max_depth": null,
        "min_samples_leaf": 1,
        "min_samples_split": 2,
        "n_estimators": 200
    },
    "metrics": {
        "accuracy": 0.7428571428571429,
        "precision": 0.7551079936106675,
        "recall": 0.7428571428571429,
        "f1_score": 0.7025086899538434
    }
}