{
    "sequence_length": 150,
    "best_params": {
        "bootstrap": false,
        "max_depth": null,
        "min_samples_leaf": 1,
        "min_samples_split": 5,
        "n_estimators": 200
    },
    "metrics": {
        "accuracy": 0.5833333333333334,
        "precision": 0.34027777777777785,
        "recall": 0.5833333333333334,
        "f1_score": 0.4298245614035088
    }
}