{
    "sequence_length": 1400,
    "best_hyperparameters": {
        "units": 160,
        "learning_rate": 0.001,
        "optimizer": "rmsprop",
        "batch_size": 128
    },
    "metrics": {
        "accuracy": 0.17721518987341772,
        "precision": 0.07113126737507586,
        "recall": 0.17721518987341772,
        "f1_score": 0.09638666675152156
    },
    "runtime_seconds": 206.72
}