{
    "sequence_length": 400,
    "best_hyperparameters": {
        "units": 192,
        "learning_rate": 0.01,
        "optimizer": "adam",
        "batch_size": 16
    },
    "metrics": {
        "accuracy": 0.5655737704918032,
        "precision": 0.45995991713204826,
        "recall": 0.5655737704918032,
        "f1_score": 0.47160034386091326
    },
    "runtime_seconds": 152.91
}