{
    "sequence_length": 600,
    "best_hyperparameters": {
        "units": 160,
        "learning_rate": 0.001,
        "optimizer": "adam",
        "batch_size": 64
    },
    "metrics": {
        "accuracy": 0.3619047619047619,
        "precision": 0.21293474779189064,
        "recall": 0.3619047619047619,
        "f1_score": 0.2443246409181408
    },
    "runtime_seconds": 157.07
}