{
    "sequence_length": 200,
    "best_hyperparameters": {
        "units": 160,
        "learning_rate": 0.01,
        "optimizer": "rmsprop",
        "batch_size": 32
    },
    "metrics": {
        "accuracy": 0.35135135135135137,
        "precision": 0.22695641813288872,
        "recall": 0.35135135135135137,
        "f1_score": 0.23537224727156078
    },
    "runtime_seconds": 132.53
}