{
    "sequence_length": 100,
    "best_hyperparameters": {
        "units": 128,
        "learning_rate": 0.01,
        "optimizer": "adam",
        "batch_size": 32
    },
    "metrics": {
        "accuracy": 0.6944444444444444,
        "precision": 0.5644349477682811,
        "recall": 0.6944444444444444,
        "f1_score": 0.608325077636784
    },
    "runtime_seconds": 121.66
}