{
    "sequence_length": 700,
    "best_params": {
        "bootstrap": false,
        "max_depth": null,
        "min_samples_leaf": 2,
        "min_samples_split": 10,
        "n_estimators": 50
    },
    "metrics": {
        "accuracy": 0.8857142857142857,
        "precision": 0.906043956043956,
        "recall": 0.8857142857142857,
        "f1_score": 0.8863945578231293
    }
}