{
    "sequence_length": 400,
    "best_params": {
        "bootstrap": true,
        "max_depth": null,
        "min_samples_leaf": 1,
        "min_samples_split": 2,
        "n_estimators": 200
    },
    "metrics": {
        "accuracy": 0.8837209302325582,
        "precision": 0.8183831672203765,
        "recall": 0.8837209302325582,
        "f1_score": 0.8440089137763557
    }
}