{
    "sequence_length": 600,
    "best_params": {
        "bootstrap": true,
        "max_depth": null,
        "min_samples_leaf": 1,
        "min_samples_split": 2,
        "n_estimators": 50
    },
    "metrics": {
        "accuracy": 0.9459459459459459,
        "precision": 0.9074844074844076,
        "recall": 0.9459459459459459,
        "f1_score": 0.923963963963964
    }
}