{
    "sequence_length": 200,
    "best_params": {
        "bootstrap": false,
        "max_depth": null,
        "min_samples_leaf": 1,
        "min_samples_split": 2,
        "n_estimators": 300
    },
    "metrics": {
        "accuracy": 0.36666666666666664,
        "precision": 0.23333333333333334,
        "recall": 0.36666666666666664,
        "f1_score": 0.26666666666666666
    }
}