{
    "sequence_length": 2000,
    "best_params": {
        "bootstrap": false,
        "max_depth": null,
        "min_samples_leaf": 1,
        "min_samples_split": 5,
        "n_estimators": 200
    },
    "metrics": {
        "accuracy": 0.971830985915493,
        "precision": 0.9788732394366197,
        "recall": 0.971830985915493,
        "f1_score": 0.9703219315895372
    }
}