{
    "sequence_length": 1200,
    "best_params": {
        "bootstrap": false,
        "max_depth": null,
        "min_samples_leaf": 1,
        "min_samples_split": 2,
        "n_estimators": 200
    },
    "metrics": {
        "accuracy": 0.9831932773109243,
        "precision": 0.9869281045751633,
        "recall": 0.9831932773109243,
        "f1_score": 0.9830432172869148
    }
}