{
    "sequence_length": 600,
    "best_params": {
        "bootstrap": false,
        "max_depth": null,
        "min_samples_leaf": 1,
        "min_samples_split": 2,
        "n_estimators": 200
    },
    "metrics": {
        "accuracy": 0.9523809523809523,
        "precision": 0.9486772486772487,
        "recall": 0.9523809523809523,
        "f1_score": 0.9500155617802677
    }
}