{
    "sequence_length": 1500,
    "best_params": {
        "bootstrap": false,
        "max_depth": null,
        "min_samples_leaf": 1,
        "min_samples_split": 2,
        "n_estimators": 100
    },
    "metrics": {
        "accuracy": 0.4782608695652174,
        "precision": 0.3248081841432225,
        "recall": 0.4782608695652174,
        "f1_score": 0.3596837944664032
    }
}