{
    "sequence_length": 100,
    "best_params": {
        "bootstrap": false,
        "max_depth": null,
        "min_samples_leaf": 1,
        "min_samples_split": 5,
        "n_estimators": 200
    },
    "metrics": {
        "accuracy": 0.3793103448275862,
        "precision": 0.2413793103448276,
        "recall": 0.3793103448275862,
        "f1_score": 0.2870577698163905
    }
}