{
    "sequence_length": 400,
    "best_params": {
        "bootstrap": false,
        "max_depth": null,
        "min_samples_leaf": 2,
        "min_samples_split": 2,
        "n_estimators": 200
    },
    "metrics": {
        "accuracy": 0.9836065573770492,
        "precision": 0.9863387978142077,
        "recall": 0.9836065573770492,
        "f1_score": 0.9827123695976155
    }
}