{
    "sequence_length": 1400,
    "best_params": {
        "bootstrap": true,
        "max_depth": null,
        "min_samples_leaf": 1,
        "min_samples_split": 2,
        "n_estimators": 100
    },
    "metrics": {
        "accuracy": 0.9493670886075949,
        "precision": 0.9628691983122363,
        "recall": 0.9493670886075949,
        "f1_score": 0.9490857946554151
    }
}