{
    "sequence_length": 200,
    "best_params": {
        "bootstrap": false,
        "max_depth": null,
        "min_samples_leaf": 1,
        "min_samples_split": 5,
        "n_estimators": 200
    },
    "metrics": {
        "accuracy": 0.4642857142857143,
        "precision": 0.4113029827315541,
        "recall": 0.4642857142857143,
        "f1_score": 0.3877896613190731
    }
}