{
    "sequence_length": 1000,
    "best_params": {
        "bootstrap": true,
        "max_depth": null,
        "min_samples_leaf": 2,
        "min_samples_split": 5,
        "n_estimators": 200
    },
    "metrics": {
        "accuracy": 0.9528301886792453,
        "precision": 0.9649595687331536,
        "recall": 0.9528301886792453,
        "f1_score": 0.9394913262837791
    }
}