{
    "sequence_length": 200,
    "best_params": {
        "bootstrap": false,
        "max_depth": null,
        "min_samples_leaf": 1,
        "min_samples_split": 2,
        "n_estimators": 100
    },
    "metrics": {
        "accuracy": 0.42857142857142855,
        "precision": 0.30102040816326525,
        "recall": 0.42857142857142855,
        "f1_score": 0.3255514326942898
    }
}