{
    "sequence_length": 150,
    "best_params": {
        "bootstrap": false,
        "max_depth": 30,
        "min_samples_leaf": 1,
        "min_samples_split": 5,
        "n_estimators": 200
    },
    "metrics": {
        "accuracy": 0.42857142857142855,
        "precision": 0.2823783359497645,
        "recall": 0.42857142857142855,
        "f1_score": 0.336038961038961
    }
}