{
    "sequence_length": 1400,
    "best_params": {
        "bootstrap": false,
        "max_depth": null,
        "min_samples_leaf": 1,
        "min_samples_split": 2,
        "n_estimators": 50
    },
    "metrics": {
        "accuracy": 0.2916666666666667,
        "precision": 0.17500000000000002,
        "recall": 0.2916666666666667,
        "f1_score": 0.21464646464646464
    }
}