{
    "sequence_length": 1500,
    "best_hyperparameters": {
        "hidden_size": 64,
        "lr": 0.001,
        "optimizer": "rmsprop"
    },
    "metrics": {
        "accuracy": 0.34782608695652173,
        "precision": 0.2826086956521739,
        "recall": 0.34782608695652173,
        "f1_score": 0.3063241106719367,
        "num_samples": 319,
        "sequence_length": 1500
    },
    "runtime_seconds": 82.18
}