{
    "sequence_length": 200,
    "best_hyperparameters": {
        "hidden_size": 160,
        "lr": 0.001,
        "optimizer": "rmsprop"
    },
    "metrics": {
        "accuracy": 0.4782608695652174,
        "precision": 0.4855072463768116,
        "recall": 0.4782608695652174,
        "f1_score": 0.4761904761904762,
        "num_samples": 349,
        "sequence_length": 200
    },
    "runtime_seconds": 46.1
}