{
    "sequence_length": 600,
    "best_hyperparameters": {
        "hidden_size": 96,
        "lr": 0.001,
        "optimizer": "rmsprop"
    },
    "metrics": {
        "accuracy": 0.7391304347826086,
        "precision": 0.6971014492753622,
        "recall": 0.7391304347826086,
        "f1_score": 0.6982746721877156,
        "num_samples": 317,
        "sequence_length": 600
    },
    "runtime_seconds": 67.52
}