{
    "sequence_length": 400,
    "best_hyperparameters": {
        "hidden_size": 32,
        "lr": 0.001,
        "optimizer": "adam"
    },
    "metrics": {
        "accuracy": 0.13043478260869565,
        "precision": 0.1391304347826087,
        "recall": 0.13043478260869565,
        "f1_score": 0.11884057971014493,
        "num_samples": 403,
        "sequence_length": 400
    },
    "runtime_seconds": 55.47
}