{
    "sequence_length": 2000,
    "best_hyperparameters": {
        "hidden_size": 192,
        "lr": 0.0001,
        "optimizer": "rmsprop"
    },
    "metrics": {
        "accuracy": 0.09523809523809523,
        "precision": 0.031746031746031744,
        "recall": 0.09523809523809523,
        "f1_score": 0.047619047619047616,
        "num_samples": 238,
        "sequence_length": 2000
    },
    "runtime_seconds": 176.96
}