{
    "sequence_length": 150,
    "best_hyperparameters": {
        "hidden_size": 192,
        "lr": 0.001,
        "optimizer": "rmsprop"
    },
    "metrics": {
        "accuracy": 0.42857142857142855,
        "precision": 0.4186507936507936,
        "recall": 0.42857142857142855,
        "f1_score": 0.3953308596165739,
        "num_samples": 417,
        "sequence_length": 150
    },
    "runtime_seconds": 75.46
}