{
    "sequence_length": 100,
    "best_hyperparameters": {
        "hidden_size": 64,
        "lr": 0.001,
        "optimizer": "sgd"
    },
    "metrics": {
        "accuracy": 0.1935483870967742,
        "precision": 0.3817204301075269,
        "recall": 0.1935483870967742,
        "f1_score": 0.10522273425499232,
        "num_samples": 524,
        "sequence_length": 100
    },
    "runtime_seconds": 14.79
}