{
    "sequence_length": 400,
    "best_hyperparameters": {
        "hidden_size": 192,
        "lr": 0.001,
        "optimizer": "rmsprop"
    },
    "metrics": {
        "accuracy": 0.42857142857142855,
        "precision": 0.7151785714285713,
        "recall": 0.42857142857142855,
        "f1_score": 0.477749433106576,
        "num_samples": 526,
        "sequence_length": 400
    },
    "runtime_seconds": 129.08
}