{
    "sequence_length": 200,
    "best_hyperparameters": {
        "hidden_size": 96,
        "lr": 0.0005,
        "optimizer": "rmsprop"
    },
    "metrics": {
        "accuracy": 0.4827586206896552,
        "precision": 0.5799373040752351,
        "recall": 0.4827586206896552,
        "f1_score": 0.519240379810095,
        "num_samples": 476,
        "sequence_length": 200
    },
    "runtime_seconds": 22.9
}