{
    "sequence_length": 150,
    "best_hyperparameters": {
        "hidden_size": 32,
        "lr": 0.0001,
        "optimizer": "adam"
    },
    "metrics": {
        "accuracy": 0.3448275862068966,
        "precision": 0.3092838196286472,
        "recall": 0.3448275862068966,
        "f1_score": 0.3103448275862069,
        "num_samples": 542,
        "sequence_length": 150
    },
    "runtime_seconds": 24.68
}