{
    "sequence_length": 600,
    "best_hyperparameters": {
        "hidden_size": 32,
        "lr": 0.0005,
        "optimizer": "adam"
    },
    "metrics": {
        "accuracy": 0.17857142857142858,
        "precision": 0.18045112781954886,
        "recall": 0.17857142857142858,
        "f1_score": 0.15833333333333335,
        "num_samples": 535,
        "sequence_length": 600
    },
    "runtime_seconds": 87.97
}