{
    "sequence_length": 125,
    "best_hyperparameters": {
        "max_depth": 10,
        "min_child_samples": 10,
        "min_split_gain": 0.0,
        "n_estimators": 500
    },
    "metrics": {
        "accuracy": 0.5666666666666667,
        "precision": 0.40246913580246907,
        "recall": 0.5666666666666667,
        "f1_score": 0.45656565656565656
    },
    "runtime_s": 57.16
}