{
    "sequence_length": 10,
    "best_hyperparameters": {
        "max_depth": 10,
        "min_child_samples": 10,
        "min_split_gain": 0.0,
        "n_estimators": 500
    },
    "metrics": {
        "accuracy": 0.5928571428571429,
        "precision": 0.6345840957072485,
        "recall": 0.5928571428571429,
        "f1_score": 0.6059318020681445
    },
    "runtime_s": 80.16
}