{
    "sequence_length": 100,
    "best_hyperparameters": {
        "max_depth": 10,
        "min_child_samples": 20,
        "min_split_gain": 0.0,
        "n_estimators": 200
    },
    "metrics": {
        "accuracy": 0.6666666666666666,
        "precision": 0.6163194444444444,
        "recall": 0.6666666666666666,
        "f1_score": 0.6160068114091103
    },
    "runtime_s": 61.6
}