{
    "sequence_length": 200,
    "best_params": {
        "bootstrap": false,
        "max_depth": 20,
        "min_samples_leaf": 1,
        "min_samples_split": 5,
        "n_estimators": 100
    },
    "metrics": {
        "accuracy": 0.9629629629629629,
        "precision": 0.9456018518518519,
        "recall": 0.9629629629629629,
        "f1_score": 0.9540023894862605
    }
}