{
    "sequence_length": 600,
    "best_params": {
        "bootstrap": false,
        "max_depth": 10,
        "min_samples_leaf": 1,
        "min_samples_split": 2,
        "n_estimators": 50
    },
    "metrics": {
        "accuracy": 0.9459459459459459,
        "precision": 0.8996138996138996,
        "recall": 0.9459459459459459,
        "f1_score": 0.9209979209979211
    }
}