{
    "sequence_length": 400,
    "best_params": {
        "bootstrap": false,
        "max_depth": null,
        "min_samples_leaf": 1,
        "min_samples_split": 2,
        "n_estimators": 100
    },
    "metrics": {
        "accuracy": 0.8837209302325582,
        "precision": 0.830430279634686,
        "recall": 0.8837209302325582,
        "f1_score": 0.8532286318332829
    }
}