{
    "sequence_length": 150,
    "best_params": {
        "bootstrap": false,
        "max_depth": 20,
        "min_samples_leaf": 1,
        "min_samples_split": 2,
        "n_estimators": 50
    },
    "metrics": {
        "accuracy": 0.42857142857142855,
        "precision": 0.3235544217687075,
        "recall": 0.42857142857142855,
        "f1_score": 0.3620984278879016
    }
}