{
    "sequence_length": 2000,
    "best_params": {
        "bootstrap": false,
        "max_depth": null,
        "min_samples_leaf": 1,
        "min_samples_split": 2,
        "n_estimators": 50
    },
    "metrics": {
        "accuracy": 0.42857142857142855,
        "precision": 0.35312306740878163,
        "recall": 0.42857142857142855,
        "f1_score": 0.3423733129615482
    }
}