{
    "sequence_length": 200,
    "best_params": {
        "bootstrap": false,
        "max_depth": null,
        "min_samples_leaf": 1,
        "min_samples_split": 5,
        "n_estimators": 100
    },
    "metrics": {
        "accuracy": 0.39285714285714285,
        "precision": 0.2327315541601256,
        "recall": 0.39285714285714285,
        "f1_score": 0.2782658517952636
    }
}