{
    "sequence_length": 600,
    "best_params": {
        "bootstrap": false,
        "max_depth": null,
        "min_samples_leaf": 1,
        "min_samples_split": 2,
        "n_estimators": 50
    },
    "metrics": {
        "accuracy": 0.37037037037037035,
        "precision": 0.20987654320987653,
        "recall": 0.37037037037037035,
        "f1_score": 0.26666666666666666
    }
}