{
    "sequence_length": 1400,
    "best_params": {
        "bootstrap": true,
        "max_depth": 10,
        "min_samples_leaf": 2,
        "min_samples_split": 2,
        "n_estimators": 300
    },
    "metrics": {
        "accuracy": 0.3333333333333333,
        "precision": 0.24851190476190477,
        "recall": 0.3333333333333333,
        "f1_score": 0.2611111111111111
    }
}