{
    "sequence_length": 1500,
    "best_params": {
        "bootstrap": false,
        "max_depth": null,
        "min_samples_leaf": 1,
        "min_samples_split": 2,
        "n_estimators": 200
    },
    "metrics": {
        "accuracy": 0.43478260869565216,
        "precision": 0.2813299232736573,
        "recall": 0.43478260869565216,
        "f1_score": 0.31620553359683795
    }
}