{
    "sequence_length": 800,
    "best_params": {
        "bootstrap": false,
        "max_depth": null,
        "min_samples_leaf": 1,
        "min_samples_split": 2,
        "n_estimators": 200
    },
    "metrics": {
        "accuracy": 0.38461538461538464,
        "precision": 0.3307692307692308,
        "recall": 0.38461538461538464,
        "f1_score": 0.3256410256410256
    }
}