{
    "sequence_length": 400,
    "best_params": {
        "bootstrap": false,
        "max_depth": null,
        "min_samples_leaf": 1,
        "min_samples_split": 2,
        "n_estimators": 300
    },
    "metrics": {
        "accuracy": 0.3333333333333333,
        "precision": 0.14450056116722784,
        "recall": 0.3333333333333333,
        "f1_score": 0.19358854652972302
    }
}