{
    "sequence_length": 500,
    "best_hyperparameters": {
        "d_model": 32,
        "num_heads": 2,
        "num_layers": 1
    },
    "metrics": {
        "accuracy": 0.8947368421052632,
        "precision": 0.8853383458646615,
        "recall": 0.8947368421052632,
        "f1_score": 0.8869395711500976
    }
}