{
    "sequence_length": 400,
    "best_hyperparameters": {
        "d_model": 32,
        "num_heads": 2,
        "num_layers": 1
    },
    "metrics": {
        "accuracy": 0.8837209302325582,
        "precision": 0.8518971848225215,
        "recall": 0.8837209302325582,
        "f1_score": 0.8643914225309574
    }
}