{
    "sequence_length": 600,
    "best_hyperparameters": {
        "d_model": 32,
        "num_heads": 2,
        "num_layers": 1
    },
    "metrics": {
        "accuracy": 0.8918918918918919,
        "precision": 0.8667953667953667,
        "recall": 0.8918918918918919,
        "f1_score": 0.8788788788788789
    }
}