{
    "sequence_length": 700,
    "best_hyperparameters": {
        "d_model": 32,
        "num_heads": 4,
        "num_layers": 1
    },
    "metrics": {
        "accuracy": 0.8857142857142857,
        "precision": 0.9785714285714285,
        "recall": 0.8857142857142857,
        "f1_score": 0.9232242095923038
    }
}