{
    "sequence_length": 300,
    "best_hyperparameters": {
        "d_model": 32,
        "num_heads": 4,
        "num_layers": 2
    },
    "metrics": {
        "accuracy": 0.9148936170212766,
        "precision": 0.9428191489361702,
        "recall": 0.9148936170212766,
        "f1_score": 0.922728922512183
    }
}