{
    "sequence_length": 150,
    "best_hyperparameters": {
        "d_model": 32,
        "num_heads": 4,
        "num_layers": 2
    },
    "metrics": {
        "accuracy": 0.9137931034482759,
        "precision": 0.934437386569873,
        "recall": 0.9137931034482759,
        "f1_score": 0.9201086270051788
    }
}