{
    "sequence_length": 100,
    "best_hyperparameters": {
        "d_model": 64,
        "num_heads": 4,
        "num_layers": 1
    },
    "metrics": {
        "accuracy": 0.7846153846153846,
        "precision": 0.747985347985348,
        "recall": 0.7846153846153846,
        "f1_score": 0.7481621174524401
    }
}