{
    "sequence_length": 100,
    "best_hyperparameters": {
        "max_depth": 10,
        "min_child_samples": 10,
        "min_split_gain": 0.0,
        "n_estimators": 200
    },
    "metrics": {
        "accuracy": 0.6388888888888888,
        "precision": 0.5190972222222222,
        "recall": 0.6388888888888888,
        "f1_score": 0.5727969348659003
    },
    "runtime_s": 58.99
}