{
    "sequence_length": 10,
    "best_hyperparameters": {
        "max_depth": 10,
        "min_child_samples": 10,
        "min_split_gain": 0.0,
        "n_estimators": 500
    },
    "metrics": {
        "accuracy": 0.5571428571428572,
        "precision": 0.6170532603285216,
        "recall": 0.5571428571428572,
        "f1_score": 0.5812662337662339
    },
    "runtime_s": 56.09
}