{
    "sequence_length": 50,
    "best_hyperparameters": {
        "max_depth": 10,
        "min_child_samples": 10,
        "min_split_gain": 0.0,
        "n_estimators": 500
    },
    "metrics": {
        "accuracy": 0.711864406779661,
        "precision": 0.651890482398957,
        "recall": 0.711864406779661,
        "f1_score": 0.6560233278658648
    },
    "runtime_s": 58.39
}