{
    "sequence_length": 40,
    "best_hyperparameters": {
        "max_depth": 10,
        "min_child_samples": 10,
        "min_split_gain": 0.0,
        "n_estimators": 200
    },
    "metrics": {
        "accuracy": 0.6470588235294118,
        "precision": 0.7010034602076124,
        "recall": 0.6470588235294118,
        "f1_score": 0.5975274725274725
    },
    "runtime_s": 51.49
}