{
    "sequence_length": 75,
    "best_hyperparameters": {
        "max_depth": 10,
        "min_child_samples": 10,
        "min_split_gain": 0.0,
        "n_estimators": 200
    },
    "metrics": {
        "accuracy": 0.6222222222222222,
        "precision": 0.621505376344086,
        "recall": 0.6222222222222222,
        "f1_score": 0.6133082234777151
    },
    "runtime_s": 51.66
}