{
    "sequence_length": 125,
    "best_hyperparameters": {
        "max_depth": 10,
        "min_child_samples": 10,
        "min_split_gain": 0.0,
        "n_estimators": 500
    },
    "metrics": {
        "accuracy": 0.5666666666666667,
        "precision": 0.4153846153846154,
        "recall": 0.5666666666666667,
        "f1_score": 0.4661498708010336
    },
    "runtime_s": 58.06
}