{
    "sequence_length": 150,
    "best_params": {
        "bootstrap": false,
        "max_depth": null,
        "min_samples_leaf": 1,
        "min_samples_split": 2,
        "n_estimators": 200
    },
    "metrics": {
        "accuracy": 0.5833333333333334,
        "precision": 0.35507246376811596,
        "recall": 0.5833333333333334,
        "f1_score": 0.44144144144144143
    }
}