{
    "sequence_length": 75,
    "best_params": {
        "bootstrap": false,
        "max_depth": null,
        "min_samples_leaf": 1,
        "min_samples_split": 2,
        "n_estimators": 200
    },
    "metrics": {
        "accuracy": 0.6444444444444445,
        "precision": 0.551111111111111,
        "recall": 0.6444444444444445,
        "f1_score": 0.5674836601307189
    }
}