{
    "sequence_length": 2000,
    "best_hyperparameters": {
        "max_depth": 20,
        "min_child_samples": 20,
        "min_split_gain": 0.0,
        "n_estimators": 200
    },
    "metrics": {
        "accuracy": 0.19047619047619047,
        "precision": 0.1968253968253968,
        "recall": 0.19047619047619047,
        "f1_score": 0.17233560090702948
    },
    "runtime_s": 306.97
}