{
    "sequence_length": 1500,
    "best_hyperparameters": {
        "max_depth": 20,
        "min_child_samples": 20,
        "min_split_gain": 0.1,
        "n_estimators": 200
    },
    "metrics": {
        "accuracy": 0.43478260869565216,
        "precision": 0.42028985507246375,
        "recall": 0.43478260869565216,
        "f1_score": 0.42608695652173917
    },
    "runtime_s": 375.77
}