{
    "sequence_length": 600,
    "best_hyperparameters": {
        "max_depth": 10,
        "min_child_samples": 10,
        "min_split_gain": 0.1,
        "n_estimators": 500
    },
    "metrics": {
        "accuracy": 0.48148148148148145,
        "precision": 0.32839506172839505,
        "recall": 0.48148148148148145,
        "f1_score": 0.38909465020576134
    },
    "runtime_s": 195.22
}