{
    "sequence_length": 400,
    "best_hyperparameters": {
        "max_depth": 10,
        "min_child_samples": 10,
        "min_split_gain": 0.0,
        "n_estimators": 200
    },
    "metrics": {
        "accuracy": 0.48148148148148145,
        "precision": 0.4933862433862434,
        "recall": 0.48148148148148145,
        "f1_score": 0.42839506172839503
    },
    "runtime_s": 205.37
}