{
    "sequence_length": 100,
    "best_hyperparameters": {
        "max_depth": 10,
        "min_child_samples": 10,
        "min_split_gain": 0.1,
        "n_estimators": 200
    },
    "metrics": {
        "accuracy": 0.5862068965517241,
        "precision": 0.6502463054187192,
        "recall": 0.5862068965517241,
        "f1_score": 0.6156739811912226
    },
    "runtime_s": 147.14
}