{
    "sequence_length": 400,
    "best_hyperparameters": {
        "units": 96,
        "learning_rate": 0.01,
        "optimizer": "adam",
        "batch_size": 64
    },
    "metrics": {
        "accuracy": 0.7674418604651163,
        "precision": 0.6355915065722954,
        "recall": 0.7674418604651163,
        "f1_score": 0.6910328377850431
    },
    "runtime_seconds": 357.76
}