{
    "sequence_length": 700,
    "best_hyperparameters": {
        "units": 32,
        "learning_rate": 0.0001,
        "optimizer": "adam",
        "batch_size": 128
    },
    "metrics": {
        "accuracy": 0.7428571428571429,
        "precision": 0.614920634920635,
        "recall": 0.7428571428571429,
        "f1_score": 0.6592807881773399
    },
    "runtime_seconds": 384.73
}