{
    "sequence_length": 600,
    "best_hyperparameters": {
        "units": 192,
        "learning_rate": 0.0001,
        "optimizer": "adam",
        "batch_size": 128
    },
    "metrics": {
        "accuracy": 0.8108108108108109,
        "precision": 0.7457528957528957,
        "recall": 0.8108108108108109,
        "f1_score": 0.7760321898252932
    },
    "runtime_seconds": 403.66
}