{
    "prefix_length": 50,
    "best_hyperparameters": {
        "units": 96,
        "optimizer": "adam",
        "learning_rate": 0.01,
        "batch_size": 16
    },
    "batch_size_used": 16,
    "metrics": {
        "accuracy": 0.8837209302325582,
        "precision": 0.900529701422766,
        "recall": 0.8837209302325582,
        "f1_score": 0.8748345435528511
    }
}