{
    "prefix_length": 75,
    "best_hyperparameters": {
        "units": 96,
        "optimizer": "adam",
        "learning_rate": 0.0001,
        "batch_size": 32
    },
    "metrics": {
        "accuracy": 0.4444444444444444,
        "precision": 0.4642857142857143,
        "recall": 0.4444444444444444,
        "f1_score": 0.43703703703703706
    }
}