{
    "prefix_length": 150,
    "best_hyperparameters": {
        "units": 128,
        "optimizer": "rmsprop",
        "learning_rate": 0.01,
        "batch_size": 16
    },
    "batch_size_used": 16,
    "metrics": {
        "accuracy": 0.48936170212765956,
        "precision": 0.4855623100303951,
        "recall": 0.48936170212765956,
        "f1_score": 0.4423984526112186
    }
}