{
    "prefix_length": 40,
    "best_hyperparameters": {
        "units": 32,
        "optimizer": "adam",
        "learning_rate": 0.001,
        "batch_size": 16
    },
    "metrics": {
        "accuracy": 0.6323529411764706,
        "precision": 0.5640952143569292,
        "recall": 0.6323529411764706,
        "f1_score": 0.5727554179566564
    }
}