{
    "sequence_length": 125,
    "best_hyperparameters": {
        "max_depth": 10,
        "min_child_samples": 10,
        "min_split_gain": 0.1,
        "n_estimators": 200
    },
    "metrics": {
        "accuracy": 0.5666666666666667,
        "precision": 0.40266666666666673,
        "recall": 0.5666666666666667,
        "f1_score": 0.4681096681096681
    },
    "runtime_s": 59.9
}