{
    "sequence_length": 75,
    "best_hyperparameters": {
        "max_depth": 10,
        "min_child_samples": 10,
        "min_split_gain": 0.0,
        "n_estimators": 200
    },
    "metrics": {
        "accuracy": 0.6666666666666666,
        "precision": 0.6892255892255892,
        "recall": 0.6666666666666666,
        "f1_score": 0.652285540810131
    },
    "runtime_s": 59.09
}