{
    "sequence_length": 150,
    "best_hyperparameters": {
        "max_depth": 10,
        "min_child_samples": 10,
        "min_split_gain": 0.0,
        "n_estimators": 500
    },
    "metrics": {
        "accuracy": 0.4166666666666667,
        "precision": 0.3421568627450981,
        "recall": 0.4166666666666667,
        "f1_score": 0.3757467144563919
    },
    "runtime_s": 54.13
}