{
    "sequence_length": 800,
    "best_hyperparameters": {
        "d_model": 64,
        "num_heads": 2,
        "num_layers": 2
    },
    "metrics": {
        "accuracy": 0.9356435643564357,
        "precision": 0.9317587527983568,
        "recall": 0.9356435643564357,
        "f1_score": 0.9238112189145335
    }
}