{
    "sequence_length": 1200,
    "best_hyperparameters": {
        "d_model": 64,
        "num_heads": 2,
        "num_layers": 2
    },
    "metrics": {
        "accuracy": 0.9119170984455959,
        "precision": 0.9183966292774582,
        "recall": 0.9119170984455959,
        "f1_score": 0.9026278311621391
    }
}