{
    "sequence_length": 1000,
    "best_hyperparameters": {
        "d_model": 64,
        "num_heads": 4,
        "num_layers": 1
    },
    "metrics": {
        "accuracy": 0.9430051813471503,
        "precision": 0.9486410825789064,
        "recall": 0.9430051813471503,
        "f1_score": 0.9358565313938145
    }
}