{
    "sequence_length": 100,
    "best_params": {
        "bootstrap": false,
        "max_depth": null,
        "min_samples_leaf": 1,
        "min_samples_split": 2,
        "n_estimators": 100
    },
    "metrics": {
        "accuracy": 0.4827586206896552,
        "precision": 0.5566502463054187,
        "recall": 0.4827586206896552,
        "f1_score": 0.39021514883583847
    }
}