{
    "sequence_length": 800,
    "best_params": {
        "bootstrap": false,
        "max_depth": null,
        "min_samples_leaf": 1,
        "min_samples_split": 5,
        "n_estimators": 200
    },
    "metrics": {
        "accuracy": 0.4230769230769231,
        "precision": 0.33799533799533804,
        "recall": 0.4230769230769231,
        "f1_score": 0.35325443786982247
    }
}