{
    "sequence_length": 400,
    "best_params": {
        "bootstrap": false,
        "max_depth": null,
        "min_samples_leaf": 1,
        "min_samples_split": 5,
        "n_estimators": 300
    },
    "metrics": {
        "accuracy": 0.3333333333333333,
        "precision": 0.13603988603988604,
        "recall": 0.3333333333333333,
        "f1_score": 0.18436213991769548
    }
}