{
    "sequence_length": 2000,
    "best_params": {
        "bootstrap": false,
        "max_depth": null,
        "min_samples_leaf": 1,
        "min_samples_split": 2,
        "n_estimators": 200
    },
    "metrics": {
        "accuracy": 0.38095238095238093,
        "precision": 0.2352092352092352,
        "recall": 0.38095238095238093,
        "f1_score": 0.28739495798319326
    }
}