{
    "sequence_length": 600,
    "best_params": {
        "bootstrap": false,
        "max_depth": null,
        "min_samples_leaf": 1,
        "min_samples_split": 2,
        "n_estimators": 100
    },
    "metrics": {
        "accuracy": 0.4074074074074074,
        "precision": 0.2402116402116402,
        "recall": 0.4074074074074074,
        "f1_score": 0.2982202982202982
    }
}