{
    "sequence_length": 600,
    "best_params": {
        "bootstrap": false,
        "max_depth": null,
        "min_samples_leaf": 1,
        "min_samples_split": 2,
        "n_estimators": 100
    },
    "metrics": {
        "accuracy": 0.972972972972973,
        "precision": 0.9480249480249481,
        "recall": 0.972972972972973,
        "f1_score": 0.9599999999999999
    }
}