{
    "sequence_length": 100,
    "best_params": {
        "bootstrap": true,
        "max_depth": null,
        "min_samples_leaf": 1,
        "min_samples_split": 2,
        "n_estimators": 50
    },
    "metrics": {
        "accuracy": 0.7846153846153846,
        "precision": 0.6871794871794872,
        "recall": 0.7846153846153846,
        "f1_score": 0.7228287841191067
    }
}