{
    "sequence_length": 200,
    "best_params": {
        "bootstrap": true,
        "max_depth": 10,
        "min_samples_leaf": 2,
        "min_samples_split": 2,
        "n_estimators": 50
    },
    "metrics": {
        "accuracy": 0.9444444444444444,
        "precision": 0.944675925925926,
        "recall": 0.9444444444444444,
        "f1_score": 0.9440656234519336
    }
}