{
    "prefix_length": 400,
    "best_hyperparameters": {
        "units": 128,
        "optimizer": "rmsprop",
        "learning_rate": 0.001,
        "batch_size": 16
    },
    "metrics": {
        "accuracy": 0.48148148148148145,
        "precision": 0.3,
        "recall": 0.48148148148148145,
        "f1_score": 0.36026936026936024
    }
}