{
    "prefix_length": 100,
    "best_hyperparameters": {
        "units": 64,
        "optimizer": "adam",
        "learning_rate": 0.0001,
        "batch_size": 16
    },
    "metrics": {
        "accuracy": 0.32142857142857145,
        "precision": 0.29166666666666663,
        "recall": 0.32142857142857145,
        "f1_score": 0.2806861875184857
    }
}