{
    "sequence_length": 600,
    "best_hyperparameters": {
        "max_depth": 20,
        "min_child_samples": 10,
        "min_split_gain": 0.1,
        "n_estimators": 500
    },
    "metrics": {
        "accuracy": 0.6785714285714286,
        "precision": 0.7301587301587301,
        "recall": 0.6785714285714286,
        "f1_score": 0.6705882352941176
    },
    "runtime_s": 183.16
}