{
    "sequence_length": 2500,
    "best_hyperparameters": {
        "max_depth": 20,
        "min_child_samples": 20,
        "min_split_gain": 0.0,
        "n_estimators": 200
    },
    "metrics": {
        "accuracy": 0.45454545454545453,
        "precision": 0.4431818181818182,
        "recall": 0.45454545454545453,
        "f1_score": 0.43636363636363634
    },
    "runtime_s": 455.54
}