{
    "sequence_length": 800,
    "best_hyperparameters": {
        "max_depth": 20,
        "min_child_samples": 10,
        "min_split_gain": 0.0,
        "n_estimators": 200
    },
    "metrics": {
        "accuracy": 0.3333333333333333,
        "precision": 0.2438271604938272,
        "recall": 0.3333333333333333,
        "f1_score": 0.2760141093474427
    },
    "runtime_s": 319.53
}