{
    "sequence_length": 400,
    "best_hyperparameters": {
        "max_depth": 10,
        "min_child_samples": 20,
        "min_split_gain": 0.0,
        "n_estimators": 500
    },
    "metrics": {
        "accuracy": 0.5517241379310345,
        "precision": 0.4678160919540229,
        "recall": 0.5517241379310345,
        "f1_score": 0.5056849953401678
    },
    "runtime_s": 163.29
}