{
    "sequence_length": 150,
    "best_hyperparameters": {
        "d_model": 64,
        "num_heads": 4,
        "num_layers": 1
    },
    "metrics": {
        "accuracy": 0.3225806451612903,
        "precision": 0.29185867895545314,
        "recall": 0.3225806451612903,
        "f1_score": 0.29321044546850994
    }
}