{
    "sequence_length": 400,
    "best_hyperparameters": {
        "d_model": 64,
        "num_heads": 2,
        "num_layers": 2
    },
    "metrics": {
        "accuracy": 0.3448275862068966,
        "precision": 0.4288240495137046,
        "recall": 0.3448275862068966,
        "f1_score": 0.3793103448275862
    }
}