{
    "sequence_length": 2500,
    "best_hyperparameters": {
        "d_model": 32,
        "num_heads": 4,
        "num_layers": 1
    },
    "metrics": {
        "accuracy": 0.18181818181818182,
        "precision": 0.356060606060606,
        "recall": 0.18181818181818182,
        "f1_score": 0.21115702479338844
    }
}