{
    "sequence_length": 2000,
    "best_hyperparameters": {
        "d_model": 32,
        "num_heads": 4,
        "num_layers": 2
    },
    "metrics": {
        "accuracy": 0.2608695652173913,
        "precision": 0.15217391304347827,
        "recall": 0.2608695652173913,
        "f1_score": 0.19221967963386727
    }
}