{
    "sequence_length": 800,
    "best_hyperparameters": {
        "d_model": 64,
        "num_heads": 2,
        "num_layers": 2
    },
    "metrics": {
        "accuracy": 0.37037037037037035,
        "precision": 0.3219135802469136,
        "recall": 0.37037037037037035,
        "f1_score": 0.3318809005083515
    }
}