{
    "sequence_length": 1400,
    "best_hyperparameters": {
        "d_model": 64,
        "num_heads": 4,
        "num_layers": 1
    },
    "metrics": {
        "accuracy": 0.25,
        "precision": 0.6378205128205129,
        "recall": 0.25,
        "f1_score": 0.20895989974937343
    }
}