{
    "sequence_length": 1500,
    "best_hyperparameters": {
        "d_model": 64,
        "num_heads": 4,
        "num_layers": 2
    },
    "metrics": {
        "accuracy": 0.375,
        "precision": 0.28703703703703703,
        "recall": 0.375,
        "f1_score": 0.30842911877394635
    }
}