{
    "sequence_length": 100,
    "best_hyperparameters": {
        "d_model": 64,
        "num_heads": 4,
        "num_layers": 2
    },
    "metrics": {
        "accuracy": 0.25806451612903225,
        "precision": 0.26075268817204295,
        "recall": 0.25806451612903225,
        "f1_score": 0.2513529481271417
    }
}