{
    "sequence_length": 600,
    "best_hyperparameters": {
        "d_model": 64,
        "num_heads": 2,
        "num_layers": 1
    },
    "metrics": {
        "accuracy": 0.5357142857142857,
        "precision": 0.6738095238095239,
        "recall": 0.5357142857142857,
        "f1_score": 0.5721198156682028
    }
}