{
    "sequence_length": 200,
    "best_hyperparameters": {
        "max_depth": 10,
        "min_child_samples": 10,
        "min_split_gain": 0.1,
        "n_estimators": 500
    },
    "metrics": {
        "accuracy": 0.4642857142857143,
        "precision": 0.28849206349206347,
        "recall": 0.4642857142857143,
        "f1_score": 0.34584859584859584
    },
    "runtime_s": 98.68
}