{
    "sequence_length": 1400,
    "best_hyperparameters": {
        "max_depth": 10,
        "min_child_samples": 20,
        "min_split_gain": 0.0,
        "n_estimators": 500
    },
    "metrics": {
        "accuracy": 0.4166666666666667,
        "precision": 0.32569444444444445,
        "recall": 0.4166666666666667,
        "f1_score": 0.34722222222222215
    },
    "runtime_s": 267.07
}