{
    "sequence_length": 600,
    "best_hyperparameters": {
        "max_depth": 10,
        "min_child_samples": 20,
        "min_split_gain": 0.0,
        "n_estimators": 200
    },
    "metrics": {
        "accuracy": 0.48148148148148145,
        "precision": 0.35617283950617284,
        "recall": 0.48148148148148145,
        "f1_score": 0.40893592004703117
    },
    "runtime_s": 168.41
}