{
    "sequence_length": 2000,
    "best_hyperparameters": {
        "max_depth": 20,
        "min_child_samples": 20,
        "min_split_gain": 0.0,
        "n_estimators": 500
    },
    "metrics": {
        "accuracy": 0.2857142857142857,
        "precision": 0.3634920634920635,
        "recall": 0.2857142857142857,
        "f1_score": 0.2929705215419501
    },
    "runtime_s": 269.42
}