{
    "sequence_length": 400,
    "best_hyperparameters": {
        "max_depth": 10,
        "min_child_samples": 10,
        "min_split_gain": 0.0,
        "n_estimators": 200
    },
    "metrics": {
        "accuracy": 0.4444444444444444,
        "precision": 0.4689153439153439,
        "recall": 0.4444444444444444,
        "f1_score": 0.3614977614977615
    },
    "runtime_s": 188.2
}