{
    "sequence_length": 150,
    "best_hyperparameters": {
        "max_depth": 20,
        "min_child_samples": 10,
        "min_split_gain": 0.1,
        "n_estimators": 200
    },
    "metrics": {
        "accuracy": 0.42857142857142855,
        "precision": 0.375,
        "recall": 0.42857142857142855,
        "f1_score": 0.39352314352314355
    },
    "runtime_s": 114.0
}