{
    "sequence_length": 100,
    "best_hyperparameters": {
        "max_depth": 20,
        "min_child_samples": 10,
        "min_split_gain": 0.1,
        "n_estimators": 200
    },
    "metrics": {
        "accuracy": 0.5517241379310345,
        "precision": 0.5899014778325123,
        "recall": 0.5517241379310345,
        "f1_score": 0.5664128974473802
    },
    "runtime_s": 140.6
}