{
    "sequence_length": 200,
    "best_hyperparameters": {
        "d_model": 64,
        "num_heads": 4,
        "num_layers": 1
    },
    "metrics": {
        "accuracy": 0.4444444444444444,
        "precision": 0.49907407407407406,
        "recall": 0.4444444444444444,
        "f1_score": 0.4320301783264746
    }
}