{
    "sequence_length": 700,
    "best_hyperparameters": {
        "d_model": 32,
        "num_heads": 4,
        "num_layers": 2
    },
    "metrics": {
        "accuracy": 0.34285714285714286,
        "precision": 0.45089285714285715,
        "recall": 0.34285714285714286,
        "f1_score": 0.21354459493994377
    }
}