{
    "sequence_length": 150,
    "best_hyperparameters": {
        "d_model": 32,
        "num_heads": 2,
        "num_layers": 2
    },
    "metrics": {
        "accuracy": 0.3448275862068966,
        "precision": 0.11890606420927469,
        "recall": 0.3448275862068966,
        "f1_score": 0.17683465959328026
    }
}