{
    "sequence_length": 800,
    "best_hyperparameters": {
        "d_model": 32,
        "num_heads": 2,
        "num_layers": 2
    },
    "metrics": {
        "accuracy": 0.125,
        "precision": 0.016666666666666666,
        "recall": 0.125,
        "f1_score": 0.029411764705882353
    }
}