{
    "sequence_length": 100,
    "best_hyperparameters": {
        "d_model": 32,
        "num_heads": 2,
        "num_layers": 1
    },
    "metrics": {
        "accuracy": 0.4153846153846154,
        "precision": 0.378051282051282,
        "recall": 0.4153846153846154,
        "f1_score": 0.37705802968960866
    }
}