{
    "sequence_length": 400,
    "best_hyperparameters": {
        "d_model": 32,
        "num_heads": 2,
        "num_layers": 2
    },
    "metrics": {
        "accuracy": 0.37209302325581395,
        "precision": 0.1452070334656835,
        "recall": 0.37209302325581395,
        "f1_score": 0.20889432884536924
    }
}