{
    "sequence_length": 50,
    "best_hyperparameters": {
        "max_depth": 20,
        "min_child_samples": 10,
        "min_split_gain": 0.0,
        "n_estimators": 500
    },
    "metrics": {
        "accuracy": 0.711864406779661,
        "precision": 0.690677966101695,
        "recall": 0.711864406779661,
        "f1_score": 0.6887323049577857
    },
    "runtime_s": 64.65
}