{
    "sequence_length": 100,
    "best_hyperparameters": {
        "max_depth": 10,
        "min_child_samples": 20,
        "min_split_gain": 0.1,
        "n_estimators": 200
    },
    "metrics": {
        "accuracy": 0.6944444444444444,
        "precision": 0.66084229390681,
        "recall": 0.6944444444444444,
        "f1_score": 0.6538336582196231
    },
    "runtime_s": 62.47
}