{
    "sequence_length": 40,
    "best_hyperparameters": {
        "max_depth": 10,
        "min_child_samples": 10,
        "min_split_gain": 0.0,
        "n_estimators": 200
    },
    "metrics": {
        "accuracy": 0.6029411764705882,
        "precision": 0.5887605042016807,
        "recall": 0.6029411764705882,
        "f1_score": 0.5810533515731874
    },
    "runtime_s": 63.25
}