{
    "sequence_length": 400,
    "best_hyperparameters": {
        "hidden_size": 192,
        "lr": 0.001,
        "optimizer": "rmsprop"
    },
    "metrics": {
        "accuracy": 0.9714285714285714,
        "precision": 0.9793650793650793,
        "recall": 0.9714285714285714,
        "f1_score": 0.9708183879612451,
        "num_samples": 419,
        "sequence_length": 400
    },
    "runtime_seconds": 140.93
}