{
    "sequence_length": 150,
    "best_hyperparameters": {
        "hidden_size": 192,
        "lr": 0.0005,
        "optimizer": "rmsprop"
    },
    "metrics": {
        "accuracy": 0.8869565217391304,
        "precision": 0.9113871635610766,
        "recall": 0.8869565217391304,
        "f1_score": 0.8761412259238346,
        "num_samples": 456,
        "sequence_length": 150
    },
    "runtime_seconds": 67.32
}