{
    "sequence_length": 2000,
    "best_hyperparameters": {
        "hidden_size": 160,
        "lr": 0.0005,
        "optimizer": "sgd"
    },
    "metrics": {
        "accuracy": 0.04918032786885246,
        "precision": 0.002418704649287826,
        "recall": 0.04918032786885246,
        "f1_score": 0.004610655737704918,
        "num_samples": 242,
        "sequence_length": 2000
    },
    "runtime_seconds": 238.95
}