{
    "sequence_length": 1500,
    "best_hyperparameters": {
        "hidden_size": 128,
        "lr": 0.0005,
        "optimizer": "sgd"
    },
    "metrics": {
        "accuracy": 0.06097560975609756,
        "precision": 0.0037180249851279,
        "recall": 0.06097560975609756,
        "f1_score": 0.007008690776562938,
        "num_samples": 328,
        "sequence_length": 1500
    },
    "runtime_seconds": 123.26
}