{
    "sequence_length": 1000,
    "best_hyperparameters": {
        "hidden_size": 128,
        "lr": 0.0005,
        "optimizer": "adam"
    },
    "metrics": {
        "accuracy": 0.2222222222222222,
        "precision": 0.18967829556064852,
        "recall": 0.2222222222222222,
        "f1_score": 0.15279608334561895,
        "num_samples": 356,
        "sequence_length": 1000
    },
    "runtime_seconds": 202.46
}