{
    "sequence_length": 800,
    "best_hyperparameters": {
        "hidden_size": 160,
        "lr": 0.001,
        "optimizer": "rmsprop"
    },
    "metrics": {
        "accuracy": 0.26666666666666666,
        "precision": 0.34455555555555556,
        "recall": 0.26666666666666666,
        "f1_score": 0.23688964836333257,
        "num_samples": 297,
        "sequence_length": 800
    },
    "runtime_seconds": 323.02
}