{
    "sequence_length": 600,
    "best_hyperparameters": {
        "hidden_size": 192,
        "lr": 0.0005,
        "optimizer": "adam"
    },
    "metrics": {
        "accuracy": 0.6623376623376623,
        "precision": 0.5910725998388335,
        "recall": 0.6623376623376623,
        "f1_score": 0.6126700245684203,
        "num_samples": 307,
        "sequence_length": 600
    },
    "runtime_seconds": 351.05
}