{
    "sequence_length": 2500,
    "best_params": {
        "bootstrap": false,
        "max_depth": null,
        "min_samples_leaf": 2,
        "min_samples_split": 5,
        "n_estimators": 50
    },
    "metrics": {
        "accuracy": 0.9928571428571429,
        "precision": 0.9935064935064936,
        "recall": 0.9928571428571429,
        "f1_score": 0.9927891156462585
    }
}