{
    "sequence_length": 1000,
    "best_params": {
        "bootstrap": false,
        "max_depth": null,
        "min_samples_leaf": 1,
        "min_samples_split": 2,
        "n_estimators": 200
    },
    "metrics": {
        "accuracy": 0.37037037037037035,
        "precision": 0.20614035087719298,
        "recall": 0.37037037037037035,
        "f1_score": 0.2619047619047619
    }
}