{
    "sequence_length": 400,
    "best_params": {
        "bootstrap": false,
        "max_depth": null,
        "min_samples_leaf": 1,
        "min_samples_split": 5,
        "n_estimators": 100
    },
    "metrics": {
        "accuracy": 0.9959016393442623,
        "precision": 0.9961943793911007,
        "recall": 0.9959016393442623,
        "f1_score": 0.9958884401150974
    }
}