{
    "sequence_length": 1500,
    "best_params": {
        "bootstrap": false,
        "max_depth": null,
        "min_samples_leaf": 2,
        "min_samples_split": 2,
        "n_estimators": 100
    },
    "metrics": {
        "accuracy": 0.9947916666666666,
        "precision": 0.9952256944444443,
        "recall": 0.9947916666666666,
        "f1_score": 0.9947808833678399
    }
}