{
    "sequence_length": 150,
    "best_params": {
        "bootstrap": false,
        "max_depth": null,
        "min_samples_leaf": 1,
        "min_samples_split": 2,
        "n_estimators": 200
    },
    "metrics": {
        "accuracy": 0.41935483870967744,
        "precision": 0.19851116625310175,
        "recall": 0.41935483870967744,
        "f1_score": 0.2647486195873293
    }
}