{
    "sequence_length": 700,
    "best_params": {
        "bootstrap": true,
        "max_depth": null,
        "min_samples_leaf": 1,
        "min_samples_split": 5,
        "n_estimators": 50
    },
    "metrics": {
        "accuracy": 0.9428571428571428,
        "precision": 0.9516483516483516,
        "recall": 0.9428571428571428,
        "f1_score": 0.9426406926406926
    }
}