{
    "sequence_length": 150,
    "best_params": {
        "bootstrap": false,
        "max_depth": null,
        "min_samples_leaf": 1,
        "min_samples_split": 5,
        "n_estimators": 300
    },
    "metrics": {
        "accuracy": 0.9310344827586207,
        "precision": 0.9215517241379311,
        "recall": 0.9310344827586207,
        "f1_score": 0.9217296113847837
    }
}