{
    "sequence_length": 150,
    "best_params": {
        "bootstrap": true,
        "max_depth": null,
        "min_samples_leaf": 1,
        "min_samples_split": 2,
        "n_estimators": 100
    },
    "metrics": {
        "accuracy": 0.9974093264248705,
        "precision": 0.9974757539524378,
        "recall": 0.9974093264248705,
        "f1_score": 0.9973945554003686
    }
}