{
    "sequence_length": 100,
    "best_params": {
        "bootstrap": false,
        "max_depth": null,
        "min_samples_leaf": 1,
        "min_samples_split": 2,
        "n_estimators": 50
    },
    "metrics": {
        "accuracy": 0.9863636363636363,
        "precision": 0.9881039562289562,
        "recall": 0.9863636363636363,
        "f1_score": 0.986230570602599
    }
}