{
    "sequence_length": 1500,
    "best_hyperparameters": {
        "max_depth": 20,
        "min_child_samples": 20,
        "min_split_gain": 0.0,
        "n_estimators": 200
    },
    "metrics": {
        "accuracy": 0.5416666666666666,
        "precision": 0.5145833333333333,
        "recall": 0.5416666666666666,
        "f1_score": 0.49885531135531136
    },
    "runtime_s": 466.57
}