{
    "sequence_length": 2000,
    "best_hyperparameters": {
        "max_depth": 20,
        "min_child_samples": 20,
        "min_split_gain": 0.1,
        "n_estimators": 500
    },
    "metrics": {
        "accuracy": 0.2608695652173913,
        "precision": 0.1577733860342556,
        "recall": 0.2608695652173913,
        "f1_score": 0.19427191166321603
    },
    "runtime_s": 398.81
}