{
    "sequence_length": 100,
    "best_hyperparameters": {
        "max_depth": 10,
        "min_child_samples": 10,
        "min_split_gain": 0.0,
        "n_estimators": 200
    },
    "metrics": {
        "accuracy": 0.25806451612903225,
        "precision": 0.1806451612903226,
        "recall": 0.25806451612903225,
        "f1_score": 0.20678246484698098
    },
    "runtime_s": 127.17
}