{
    "sequence_length": 400,
    "best_hyperparameters": {
        "max_depth": 10,
        "min_child_samples": 20,
        "min_split_gain": 0.0,
        "n_estimators": 200
    },
    "metrics": {
        "accuracy": 0.6551724137931034,
        "precision": 0.5551724137931034,
        "recall": 0.6551724137931034,
        "f1_score": 0.5989437713575645
    },
    "runtime_s": 173.44
}