{
    "sequence_length": 150,
    "best_hyperparameters": {
        "max_depth": 10,
        "min_child_samples": 10,
        "min_split_gain": 0.1,
        "n_estimators": 200
    },
    "metrics": {
        "accuracy": 0.3548387096774194,
        "precision": 0.5121588089330025,
        "recall": 0.3548387096774194,
        "f1_score": 0.3361495135688684
    },
    "runtime_s": 105.92
}