{
    "sequence_length": 200,
    "best_hyperparameters": {
        "max_depth": 10,
        "min_child_samples": 10,
        "min_split_gain": 0.0,
        "n_estimators": 200
    },
    "metrics": {
        "accuracy": 0.3333333333333333,
        "precision": 0.26666666666666666,
        "recall": 0.3333333333333333,
        "f1_score": 0.29523809523809524
    },
    "runtime_s": 127.39
}