{
    "sequence_length": 600,
    "best_hyperparameters": {
        "max_depth": 20,
        "min_child_samples": 10,
        "min_split_gain": 0.0,
        "n_estimators": 500
    },
    "metrics": {
        "accuracy": 0.7142857142857143,
        "precision": 0.8571428571428571,
        "recall": 0.7142857142857143,
        "f1_score": 0.7653061224489796
    },
    "runtime_s": 232.97
}