{
    "sequence_length": 1000,
    "best_hyperparameters": {
        "max_depth": 20,
        "min_child_samples": 10,
        "min_split_gain": 0.0,
        "n_estimators": 200
    },
    "metrics": {
        "accuracy": 0.4444444444444444,
        "precision": 0.3888888888888889,
        "recall": 0.4444444444444444,
        "f1_score": 0.4095238095238095
    },
    "runtime_s": 314.03
}