{
    "sequence_length": 2500,
    "best_hyperparameters": {
        "max_depth": 10,
        "min_child_samples": 10,
        "min_split_gain": 0.0,
        "n_estimators": 500
    },
    "metrics": {
        "accuracy": 0.45454545454545453,
        "precision": 0.4174242424242424,
        "recall": 0.45454545454545453,
        "f1_score": 0.43149350649350654
    },
    "runtime_s": 508.57
}