{
    "sequence_length": 40,
    "best_hyperparameters": {
        "hidden_size": 64,
        "lr": 0.0001,
        "optimizer": "sgd"
    },
    "metrics": {
        "accuracy": 0.17647058823529413,
        "precision": 0.03114186851211073,
        "recall": 0.17647058823529413,
        "f1_score": 0.05294117647058823,
        "num_samples": 595,
        "sequence_length": 40
    },
    "runtime_seconds": 19.18
}