{
    "sequence_length": 150,
    "best_hyperparameters": {
        "hidden_size": 192,
        "lr": 0.0001,
        "optimizer": "sgd"
    },
    "metrics": {
        "accuracy": 0.16666666666666666,
        "precision": 0.027777777777777776,
        "recall": 0.16666666666666666,
        "f1_score": 0.047619047619047616,
        "num_samples": 185,
        "sequence_length": 150
    },
    "runtime_seconds": 8.48
}