{
    "sequence_length": 100,
    "best_hyperparameters": {
        "hidden_size": 160,
        "lr": 0.0005,
        "optimizer": "sgd"
    },
    "metrics": {
        "accuracy": 0.19444444444444445,
        "precision": 0.03780864197530864,
        "recall": 0.19444444444444445,
        "f1_score": 0.06330749354005168,
        "num_samples": 310,
        "sequence_length": 100
    },
    "runtime_seconds": 7.52
}