{
    "sequence_length": 40,
    "best_hyperparameters": {
        "d_model": 64,
        "num_heads": 4,
        "num_layers": 2
    },
    "metrics": {
        "accuracy": 0.5306122448979592,
        "precision": 0.5939952904238619,
        "recall": 0.5306122448979592,
        "f1_score": 0.48231241799925795
    }
}