{
    "sequence_length": 10,
    "best_hyperparameters": {
        "d_model": 64,
        "num_heads": 4,
        "num_layers": 2
    },
    "metrics": {
        "accuracy": 0.3762057877813505,
        "precision": 0.5425199289924972,
        "recall": 0.3762057877813505,
        "f1_score": 0.3087488231732673
    }
}