{
    "sequence_length": 30,
    "best_hyperparameters": {
        "d_model": 64,
        "num_heads": 2,
        "num_layers": 2
    },
    "metrics": {
        "accuracy": 0.40963855421686746,
        "precision": 0.5089994317492545,
        "recall": 0.40963855421686746,
        "f1_score": 0.3995618838992333
    }
}