{
    "sequence_length": 20,
    "best_hyperparameters": {
        "d_model": 64,
        "num_heads": 2,
        "num_layers": 2
    },
    "metrics": {
        "accuracy": 0.5964125560538116,
        "precision": 0.5993739579639009,
        "recall": 0.5964125560538116,
        "f1_score": 0.5305253144039008
    }
}