{
    "sequence_length": 800,
    "best_params": {
        "bootstrap": false,
        "max_depth": null,
        "min_samples_leaf": 1,
        "min_samples_split": 2,
        "n_estimators": 100
    },
    "metrics": {
        "accuracy": 0.46153846153846156,
        "precision": 0.34615384615384615,
        "recall": 0.46153846153846156,
        "f1_score": 0.37912087912087916
    }
}