{
    "sequence_length": 2000,
    "best_params": {
        "bootstrap": false,
        "max_depth": null,
        "min_samples_leaf": 1,
        "min_samples_split": 2,
        "n_estimators": 200
    },
    "metrics": {
        "accuracy": 0.3333333333333333,
        "precision": 0.21717171717171718,
        "recall": 0.3333333333333333,
        "f1_score": 0.25423502734427106
    }
}