{
    "sequence_length": 1400,
    "best_params": {
        "bootstrap": true,
        "max_depth": null,
        "min_samples_leaf": 2,
        "min_samples_split": 5,
        "n_estimators": 200
    },
    "metrics": {
        "accuracy": 0.2916666666666667,
        "precision": 0.12417328042328042,
        "recall": 0.2916666666666667,
        "f1_score": 0.1694055944055944
    }
}