{
    "sequence_length": 75,
    "best_hyperparameters": {
        "units": 128,
        "learning_rate": 0.01,
        "optimizer": "adam",
        "batch_size": 128
    },
    "metrics": {
        "accuracy": 0.45263157894736844,
        "precision": 0.5014354066985647,
        "recall": 0.45263157894736844,
        "f1_score": 0.4440513047324192
    },
    "runtime_seconds": 90.05
}