{
    "sequence_length": 30,
    "best_hyperparameters": {
        "units": 96,
        "learning_rate": 0.01,
        "optimizer": "rmsprop",
        "batch_size": 16
    },
    "metrics": {
        "accuracy": 0.8072289156626506,
        "precision": 0.8236130110518258,
        "recall": 0.8072289156626506,
        "f1_score": 0.7934192827216675
    },
    "runtime_seconds": 141.94
}