{
    "sequence_length": 150,
    "best_hyperparameters": {
        "units": 96,
        "learning_rate": 0.01,
        "optimizer": "adam",
        "batch_size": 128
    },
    "metrics": {
        "accuracy": 0.8085106382978723,
        "precision": 0.8040010330373284,
        "recall": 0.8085106382978723,
        "f1_score": 0.7941409307621148
    },
    "runtime_seconds": 145.02
}