{
    "sequence_length": 40,
    "best_params": {
        "bootstrap": false,
        "max_depth": null,
        "min_samples_leaf": 1,
        "min_samples_split": 2,
        "n_estimators": 200
    },
    "metrics": {
        "accuracy": 0.6176470588235294,
        "precision": 0.6882352941176471,
        "recall": 0.6176470588235294,
        "f1_score": 0.5492196878751501
    }
}