{
    "sequence_length": 800,
    "best_hyperparameters": {
        "d_model": 64,
        "num_heads": 4,
        "num_layers": 1
    },
    "metrics": {
        "accuracy": 0.71875,
        "precision": 0.6728219696969697,
        "recall": 0.71875,
        "f1_score": 0.6900767543859649
    }
}