{
    "sequence_length": 700,
    "best_hyperparameters": {
        "d_model": 32,
        "num_heads": 2,
        "num_layers": 2
    },
    "metrics": {
        "accuracy": 0.8571428571428571,
        "precision": 1.0,
        "recall": 0.8571428571428571,
        "f1_score": 0.9195918367346938
    }
}