{
    "sequence_length": 500,
    "best_hyperparameters": {
        "d_model": 32,
        "num_heads": 2,
        "num_layers": 2
    },
    "metrics": {
        "accuracy": 0.868421052631579,
        "precision": 0.8458646616541352,
        "recall": 0.868421052631579,
        "f1_score": 0.8518518518518517
    }
}