{
    "sequence_length": 300,
    "best_hyperparameters": {
        "d_model": 64,
        "num_heads": 2,
        "num_layers": 2
    },
    "metrics": {
        "accuracy": 0.8085106382978723,
        "precision": 0.9323708206686929,
        "recall": 0.8085106382978723,
        "f1_score": 0.8552953096132069
    }
}