{
    "sequence_length": 100,
    "best_hyperparameters": {
        "d_model": 32,
        "num_heads": 2,
        "num_layers": 2
    },
    "metrics": {
        "accuracy": 0.7692307692307693,
        "precision": 0.7953379953379953,
        "recall": 0.7692307692307693,
        "f1_score": 0.7734368427271654
    }
}