{
    "sequence_length": 600,
    "best_hyperparameters": {
        "d_model": 64,
        "num_heads": 4,
        "num_layers": 2
    },
    "metrics": {
        "accuracy": 0.918918918918919,
        "precision": 0.896049896049896,
        "recall": 0.918918918918919,
        "f1_score": 0.9070270270270271
    }
}