{
    "sequence_length": 125,
    "best_hyperparameters": {
        "subsample": 1.0,
        "n_estimators": 300,
        "max_depth": 10,
        "learning_rate": 0.1,
        "colsample_bytree": 0.8
    },
    "metrics": {
        "accuracy": 0.5333333333333333,
        "precision": 0.37999999999999995,
        "recall": 0.5333333333333333,
        "f1_score": 0.4411255411255411
    }
}