{
    "sequence_length": 40,
    "best_hyperparameters": {
        "subsample": 1.0,
        "n_estimators": 300,
        "max_depth": 20,
        "learning_rate": 0.05,
        "colsample_bytree": 1.0
    },
    "metrics": {
        "accuracy": 0.5735294117647058,
        "precision": 0.4736917494270435,
        "recall": 0.5735294117647058,
        "f1_score": 0.501898925380864
    }
}