{
    "sequence_length": 1000,
    "best_hyperparameters": {
        "max_depth": 10,
        "min_child_samples": 20,
        "min_split_gain": 0.0,
        "n_estimators": 200
    },
    "metrics": {
        "accuracy": 0.37037037037037035,
        "precision": 0.3055555555555556,
        "recall": 0.37037037037037035,
        "f1_score": 0.3333333333333333
    },
    "runtime_s": 330.92
}