{
    "sequence_length": 100,
    "best_hyperparameters": {
        "max_depth": 10,
        "min_child_samples": 20,
        "min_split_gain": 0.1,
        "n_estimators": 200
    },
    "metrics": {
        "accuracy": 0.2903225806451613,
        "precision": 0.2655913978494624,
        "recall": 0.2903225806451613,
        "f1_score": 0.2626964433416047
    },
    "runtime_s": 123.09
}