{
    "sequence_length": 2000,
    "best_hyperparameters": {
        "max_depth": 10,
        "min_child_samples": 20,
        "min_split_gain": 0.1,
        "n_estimators": 500
    },
    "metrics": {
        "accuracy": 0.34782608695652173,
        "precision": 0.27022397891963107,
        "recall": 0.34782608695652173,
        "f1_score": 0.2854382332643203
    },
    "runtime_s": 382.0
}