{
    "sequence_length": 150,
    "best_hyperparameters": {
        "max_depth": 10,
        "min_child_samples": 10,
        "min_split_gain": 0.1,
        "n_estimators": 200
    },
    "metrics": {
        "accuracy": 0.3225806451612903,
        "precision": 0.3290322580645161,
        "recall": 0.3225806451612903,
        "f1_score": 0.28450903934774907
    },
    "runtime_s": 105.01
}