{
    "sequence_length": 1400,
    "best_hyperparameters": {
        "max_depth": 10,
        "min_child_samples": 10,
        "min_split_gain": 0.1,
        "n_estimators": 200
    },
    "metrics": {
        "accuracy": 0.5416666666666666,
        "precision": 0.5148809523809524,
        "recall": 0.5416666666666666,
        "f1_score": 0.5277777777777778
    },
    "runtime_s": 409.12
}