{
    "sequence_length": 800,
    "best_hyperparameters": {
        "max_depth": 10,
        "min_child_samples": 10,
        "min_split_gain": 0.0,
        "n_estimators": 500
    },
    "metrics": {
        "accuracy": 0.3333333333333333,
        "precision": 0.22174738841405509,
        "recall": 0.3333333333333333,
        "f1_score": 0.2657687991021324
    },
    "runtime_s": 361.05
}