{
    "sequence_length": 2500,
    "best_params": {
        "bootstrap": false,
        "max_depth": null,
        "min_samples_leaf": 1,
        "min_samples_split": 2,
        "n_estimators": 200
    },
    "metrics": {
        "accuracy": 0.4090909090909091,
        "precision": 0.23011363636363635,
        "recall": 0.4090909090909091,
        "f1_score": 0.2845849802371542
    }
}