{
    "sequence_length": 800,
    "best_params": {
        "bootstrap": false,
        "max_depth": null,
        "min_samples_leaf": 1,
        "min_samples_split": 5,
        "n_estimators": 200
    },
    "metrics": {
        "accuracy": 0.4074074074074074,
        "precision": 0.20450885668276975,
        "recall": 0.4074074074074074,
        "f1_score": 0.26157407407407407
    }
}