{
    "sequence_length": 400,
    "best_params": {
        "bootstrap": false,
        "max_depth": null,
        "min_samples_leaf": 1,
        "min_samples_split": 2,
        "n_estimators": 100
    },
    "metrics": {
        "accuracy": 0.6206896551724138,
        "precision": 0.4177718832891247,
        "recall": 0.6206896551724138,
        "f1_score": 0.49799518845228546
    }
}