{
    "sequence_length": 1500,
    "best_params": {
        "bootstrap": false,
        "max_depth": null,
        "min_samples_leaf": 1,
        "min_samples_split": 2,
        "n_estimators": 50
    },
    "metrics": {
        "accuracy": 0.5833333333333334,
        "precision": 0.4467592592592593,
        "recall": 0.5833333333333334,
        "f1_score": 0.46575670498084293
    }
}