{
    "sequence_length": 2000,
    "best_params": {
        "bootstrap": false,
        "max_depth": null,
        "min_samples_leaf": 1,
        "min_samples_split": 2,
        "n_estimators": 200
    },
    "metrics": {
        "accuracy": 0.30434782608695654,
        "precision": 0.125,
        "recall": 0.30434782608695654,
        "f1_score": 0.17618147448015123
    }
}