{
    "sequence_length": 600,
    "best_params": {
        "bootstrap": false,
        "max_depth": null,
        "min_samples_leaf": 1,
        "min_samples_split": 5,
        "n_estimators": 50
    },
    "metrics": {
        "accuracy": 0.37037037037037035,
        "precision": 0.23617123617123617,
        "recall": 0.37037037037037035,
        "f1_score": 0.2781144781144781
    }
}