{
    "sequence_length": 800,
    "best_params": {
        "bootstrap": true,
        "max_depth": null,
        "min_samples_leaf": 1,
        "min_samples_split": 5,
        "n_estimators": 50
    },
    "metrics": {
        "accuracy": 0.4230769230769231,
        "precision": 0.3601398601398601,
        "recall": 0.4230769230769231,
        "f1_score": 0.3698224852071006
    }
}