{
    "sequence_length": 150,
    "best_params": {
        "bootstrap": false,
        "max_depth": null,
        "min_samples_leaf": 1,
        "min_samples_split": 5,
        "n_estimators": 100
    },
    "metrics": {
        "accuracy": 0.5357142857142857,
        "precision": 0.40833333333333327,
        "recall": 0.5357142857142857,
        "f1_score": 0.45839978734715575
    }
}