{
    "sequence_length": 1500,
    "best_params": {
        "bootstrap": false,
        "max_depth": null,
        "min_samples_leaf": 1,
        "min_samples_split": 5,
        "n_estimators": 100
    },
    "metrics": {
        "accuracy": 0.391304347826087,
        "precision": 0.2753623188405797,
        "recall": 0.391304347826087,
        "f1_score": 0.30434782608695654
    }
}