{
    "sequence_length": 100,
    "best_params": {
        "bootstrap": false,
        "max_depth": null,
        "min_samples_leaf": 1,
        "min_samples_split": 2,
        "n_estimators": 200
    },
    "metrics": {
        "accuracy": 0.4827586206896552,
        "precision": 0.45888594164456237,
        "recall": 0.4827586206896552,
        "f1_score": 0.44222625529340587
    }
}