{
    "sequence_length": 100,
    "best_hyperparameters": {
        "hidden_size": 128,
        "lr": 0.0001,
        "optimizer": "sgd"
    },
    "metrics": {
        "accuracy": 0.03225806451612903,
        "precision": 0.001152073732718894,
        "recall": 0.03225806451612903,
        "f1_score": 0.002224694104560623,
        "num_samples": 818,
        "sequence_length": 100
    },
    "runtime_seconds": 28.14
}