{
    "sequence_length": 200,
    "best_hyperparameters": {
        "hidden_size": 64,
        "lr": 0.001,
        "optimizer": "adam"
    },
    "metrics": {
        "accuracy": 0.3103448275862069,
        "precision": 0.4195402298850575,
        "recall": 0.3103448275862069,
        "f1_score": 0.35318704284221525,
        "num_samples": 740,
        "sequence_length": 200
    },
    "runtime_seconds": 29.43
}