{
    "sequence_length": 1400,
    "best_hyperparameters": {
        "hidden_size": 128,
        "lr": 0.0005,
        "optimizer": "adam"
    },
    "metrics": {
        "accuracy": 0.5416666666666666,
        "precision": 0.5052083333333334,
        "recall": 0.5416666666666666,
        "f1_score": 0.5152298850574714,
        "num_samples": 694,
        "sequence_length": 1400
    },
    "runtime_seconds": 33.34
}