{
    "sequence_length": 2500,
    "best_hyperparameters": {
        "hidden_size": 160,
        "lr": 0.0001,
        "optimizer": "rmsprop"
    },
    "metrics": {
        "accuracy": 0.23809523809523808,
        "precision": 0.15873015873015872,
        "recall": 0.23809523809523808,
        "f1_score": 0.18315018315018317,
        "num_samples": 551,
        "sequence_length": 2500
    },
    "runtime_seconds": 32.23
}