{
    "sequence_length": 150,
    "best_hyperparameters": {
        "hidden_size": 192,
        "lr": 0.001,
        "optimizer": "adam"
    },
    "metrics": {
        "accuracy": 0.9758454106280193,
        "precision": 0.9764492753623188,
        "recall": 0.9758454106280193,
        "f1_score": 0.97521549682675,
        "num_samples": 826,
        "sequence_length": 150
    },
    "runtime_seconds": 38.42
}