{
    "sequence_length": 10,
    "best_params": {
        "bootstrap": false,
        "max_depth": null,
        "min_samples_leaf": 1,
        "min_samples_split": 2,
        "n_estimators": 50
    },
    "metrics": {
        "accuracy": 0.5928571428571429,
        "precision": 0.6424993429029278,
        "recall": 0.5928571428571429,
        "f1_score": 0.6088303744866707
    }
}