{
    "sequence_length": 40,
    "best_params": {
        "bootstrap": false,
        "max_depth": null,
        "min_samples_leaf": 1,
        "min_samples_split": 2,
        "n_estimators": 200
    },
    "metrics": {
        "accuracy": 0.6617647058823529,
        "precision": 0.7121848739495799,
        "recall": 0.6617647058823529,
        "f1_score": 0.6167647058823529
    }
}