{
    "sequence_length": 500,
    "best_hyperparameters": {
        "hidden_size": 160,
        "lr": 0.001,
        "optimizer": "rmsprop"
    },
    "metrics": {
        "accuracy": 0.09302325581395349,
        "precision": 0.008653326122228232,
        "recall": 0.09302325581395349,
        "f1_score": 0.015833745670460166,
        "num_samples": 685,
        "sequence_length": 500
    },
    "runtime_seconds": 162.38
}