{
    "sequence_length": 700,
    "best_hyperparameters": {
        "hidden_size": 128,
        "lr": 0.001,
        "optimizer": "rmsprop"
    },
    "metrics": {
        "accuracy": 0.3356643356643357,
        "precision": 0.3338107946803599,
        "recall": 0.3356643356643357,
        "f1_score": 0.3196258547765004,
        "num_samples": 572,
        "sequence_length": 700
    },
    "runtime_seconds": 187.82
}