{
    "sequence_length": 300,
    "best_hyperparameters": {
        "hidden_size": 128,
        "lr": 0.001,
        "optimizer": "adam"
    },
    "metrics": {
        "accuracy": 0.6292682926829268,
        "precision": 0.6007863937517339,
        "recall": 0.6292682926829268,
        "f1_score": 0.6041010176096212,
        "num_samples": 820,
        "sequence_length": 300
    },
    "runtime_seconds": 118.1
}