{
    "sequence_length": 100,
    "best_hyperparameters": {
        "hidden_size": 96,
        "lr": 0.001,
        "optimizer": "adam"
    },
    "metrics": {
        "accuracy": 0.6338461538461538,
        "precision": 0.5826691682301438,
        "recall": 0.6338461538461538,
        "f1_score": 0.5862691516628168,
        "num_samples": 1300,
        "sequence_length": 100
    },
    "runtime_seconds": 48.44
}