{
    "sequence_length": 200,
    "best_hyperparameters": {
        "hidden_size": 128,
        "lr": 0.0005,
        "optimizer": "adam"
    },
    "metrics": {
        "accuracy": 0.9282868525896414,
        "precision": 0.9326704944926179,
        "recall": 0.9282868525896414,
        "f1_score": 0.9244359084794197,
        "num_samples": 1002,
        "sequence_length": 200
    },
    "runtime_seconds": 113.84
}