{
    "sequence_length": 700,
    "best_hyperparameters": {
        "hidden_size": 32,
        "lr": 0.001,
        "optimizer": "adam"
    },
    "metrics": {
        "accuracy": 0.8857142857142857,
        "precision": 0.9274725274725274,
        "recall": 0.8857142857142857,
        "f1_score": 0.898639455782313,
        "num_samples": 788,
        "sequence_length": 700
    },
    "runtime_seconds": 37.54
}