{
    "sequence_length": 150,
    "best_hyperparameters": {
        "hidden_size": 96,
        "lr": 0.0001,
        "optimizer": "adam"
    },
    "metrics": {
        "accuracy": 0.9473684210526315,
        "precision": 0.9354636591478697,
        "recall": 0.9473684210526315,
        "f1_score": 0.9372505337417618,
        "num_samples": 1573,
        "sequence_length": 150
    },
    "runtime_seconds": 60.76
}