{
    "sequence_length": 300,
    "best_hyperparameters": {
        "hidden_size": 192,
        "lr": 0.0005,
        "optimizer": "sgd"
    },
    "metrics": {
        "accuracy": 0.9574468085106383,
        "precision": 0.9428191489361702,
        "recall": 0.9574468085106383,
        "f1_score": 0.9451253390855311,
        "num_samples": 1091,
        "sequence_length": 300
    },
    "runtime_seconds": 47.1
}