{
    "sequence_length": 600,
    "best_hyperparameters": {
        "hidden_size": 128,
        "lr": 0.0001,
        "optimizer": "adam"
    },
    "metrics": {
        "accuracy": 0.9459459459459459,
        "precision": 0.9208494208494208,
        "recall": 0.9459459459459459,
        "f1_score": 0.932932932932933,
        "num_samples": 776,
        "sequence_length": 600
    },
    "runtime_seconds": 42.23
}