{
    "sequence_length": 400,
    "best_hyperparameters": {
        "hidden_size": 64,
        "lr": 0.0001,
        "optimizer": "rmsprop"
    },
    "metrics": {
        "accuracy": 0.926829268292683,
        "precision": 0.889602053915276,
        "recall": 0.926829268292683,
        "f1_score": 0.9044662654418751,
        "num_samples": 1077,
        "sequence_length": 400
    },
    "runtime_seconds": 48.52
}