{
    "sequence_length": 1000,
    "best_params": {
        "bootstrap": false,
        "max_depth": null,
        "min_samples_leaf": 1,
        "min_samples_split": 2,
        "n_estimators": 50
    },
    "metrics": {
        "accuracy": 0.48148148148148145,
        "precision": 0.3024691358024691,
        "recall": 0.48148148148148145,
        "f1_score": 0.362962962962963
    }
}