{
    "sequence_length": 1400,
    "best_params": {
        "bootstrap": false,
        "max_depth": null,
        "min_samples_leaf": 1,
        "min_samples_split": 2,
        "n_estimators": 50
    },
    "metrics": {
        "accuracy": 0.6666666666666666,
        "precision": 0.64375,
        "recall": 0.6666666666666666,
        "f1_score": 0.5934343434343434
    }
}