{
    "sequence_length": 150,
    "best_params": {
        "bootstrap": false,
        "max_depth": null,
        "min_samples_leaf": 1,
        "min_samples_split": 2,
        "n_estimators": 100
    },
    "metrics": {
        "accuracy": 0.45161290322580644,
        "precision": 0.21419354838709675,
        "recall": 0.45161290322580644,
        "f1_score": 0.2859703020993344
    }
}