{
    "sequence_length": 600,
    "best_hyperparameters": {
        "d_model": 64,
        "num_heads": 4,
        "num_layers": 2
    },
    "metrics": {
        "accuracy": 0.8681318681318682,
        "precision": 0.872052090066796,
        "recall": 0.8681318681318682,
        "f1_score": 0.8644540125783021
    }
}