{
    "sequence_length": 400,
    "best_hyperparameters": {
        "d_model": 64,
        "num_heads": 4,
        "num_layers": 2
    },
    "metrics": {
        "accuracy": 0.8032786885245902,
        "precision": 0.7908705024483713,
        "recall": 0.8032786885245902,
        "f1_score": 0.7852492412762422
    }
}