{
    "sequence_length": 2500,
    "best_hyperparameters": {
        "d_model": 64,
        "num_heads": 2,
        "num_layers": 2
    },
    "metrics": {
        "accuracy": 0.8642857142857143,
        "precision": 0.8688156288156288,
        "recall": 0.8642857142857143,
        "f1_score": 0.8600102778011985
    }
}