{
    "sequence_length": 150,
    "best_hyperparameters": {
        "d_model": 64,
        "num_heads": 4,
        "num_layers": 2
    },
    "metrics": {
        "accuracy": 0.821256038647343,
        "precision": 0.8319508591247723,
        "recall": 0.821256038647343,
        "f1_score": 0.8177764555324163
    }
}