{
    "sequence_length": 1400,
    "best_hyperparameters": {
        "d_model": 64,
        "num_heads": 2,
        "num_layers": 2
    },
    "metrics": {
        "accuracy": 0.8956043956043956,
        "precision": 0.8845368916797489,
        "recall": 0.8956043956043956,
        "f1_score": 0.8842986126789278
    }
}