{
    "sequence_length": 1000,
    "best_hyperparameters": {
        "d_model": 64,
        "num_heads": 4,
        "num_layers": 2
    },
    "metrics": {
        "accuracy": 0.8238341968911918,
        "precision": 0.8162687409106184,
        "recall": 0.8238341968911918,
        "f1_score": 0.8030964717493215
    }
}