{
    "sequence_length": 200,
    "best_hyperparameters": {
        "d_model": 64,
        "num_heads": 2,
        "num_layers": 2
    },
    "metrics": {
        "accuracy": 0.8274111675126904,
        "precision": 0.8411006365321086,
        "recall": 0.8274111675126904,
        "f1_score": 0.8239055079783358
    }
}