{
    "sequence_length": 800,
    "best_hyperparameters": {
        "d_model": 64,
        "num_heads": 2,
        "num_layers": 2
    },
    "metrics": {
        "accuracy": 0.8762376237623762,
        "precision": 0.8867449902885025,
        "recall": 0.8762376237623762,
        "f1_score": 0.8699947220166849
    }
}