{
    "sequence_length": 100,
    "best_hyperparameters": {
        "d_model": 64,
        "num_heads": 4,
        "num_layers": 2
    },
    "metrics": {
        "accuracy": 0.8155339805825242,
        "precision": 0.8506268315798208,
        "recall": 0.8155339805825242,
        "f1_score": 0.8130350895445054
    }
}