{
    "sequence_length": 400,
    "best_params": {
        "bootstrap": false,
        "max_depth": null,
        "min_samples_leaf": 1,
        "min_samples_split": 2,
        "n_estimators": 200
    },
    "metrics": {
        "accuracy": 0.4444444444444444,
        "precision": 0.32491582491582494,
        "recall": 0.4444444444444444,
        "f1_score": 0.3317901234567901
    }
}