{
    "sequence_length": 400,
    "best_params": {
        "bootstrap": false,
        "max_depth": null,
        "min_samples_leaf": 1,
        "min_samples_split": 5,
        "n_estimators": 50
    },
    "metrics": {
        "accuracy": 0.6206896551724138,
        "precision": 0.38633461047254153,
        "recall": 0.6206896551724138,
        "f1_score": 0.47596656217345873
    }
}