{
    "sequence_length": 100,
    "best_params": {
        "bootstrap": false,
        "max_depth": null,
        "min_samples_leaf": 1,
        "min_samples_split": 2,
        "n_estimators": 100
    },
    "metrics": {
        "accuracy": 0.3225806451612903,
        "precision": 0.1903225806451613,
        "recall": 0.3225806451612903,
        "f1_score": 0.2369060006937218
    }
}