{
    "sequence_length": 2000,
    "best_params": {
        "bootstrap": false,
        "max_depth": null,
        "min_samples_leaf": 1,
        "min_samples_split": 2,
        "n_estimators": 200
    },
    "metrics": {
        "accuracy": 0.34782608695652173,
        "precision": 0.14705882352941177,
        "recall": 0.34782608695652173,
        "f1_score": 0.2065217391304348
    }
}