{
    "sequence_length": 1000,
    "best_params": {
        "bootstrap": false,
        "max_depth": null,
        "min_samples_leaf": 1,
        "min_samples_split": 2,
        "n_estimators": 200
    },
    "metrics": {
        "accuracy": 0.4074074074074074,
        "precision": 0.25146198830409355,
        "recall": 0.4074074074074074,
        "f1_score": 0.30158730158730157
    }
}