{
    "sequence_length": 100,
    "best_hyperparameters": {
        "units": 32,
        "optimizer": "rmsprop",
        "learning_rate": 0.001,
        "batch_size": 32
    },
    "batch_size_used": 32,
    "metrics": {
        "accuracy": 0.2857142857142857,
        "precision": 0.08163265306122448,
        "recall": 0.2857142857142857,
        "f1_score": 0.12698412698412698
    }
}