{
    "sequence_length": 2000,
    "best_hyperparameters": {
        "units": 32,
        "optimizer": "adam",
        "learning_rate": 0.01,
        "batch_size": 32
    },
    "batch_size_used": 32,
    "metrics": {
        "accuracy": 0.23809523809523808,
        "precision": 0.05668934240362812,
        "recall": 0.23809523809523808,
        "f1_score": 0.09157509157509158
    }
}