{
    "sequence_length": 200,
    "best_hyperparameters": {
        "units": 96,
        "optimizer": "adam",
        "learning_rate": 0.001,
        "batch_size": 64
    },
    "batch_size_used": 64,
    "metrics": {
        "accuracy": 0.2072072072072072,
        "precision": 0.08048539787670222,
        "recall": 0.2072072072072072,
        "f1_score": 0.11449943133513112
    }
}