{
    "sequence_length": 150,
    "best_hyperparameters": {
        "units": 160,
        "optimizer": "adam",
        "learning_rate": 0.001,
        "batch_size": 32
    },
    "batch_size_used": 32,
    "metrics": {
        "accuracy": 0.15037593984962405,
        "precision": 0.0771464844784632,
        "recall": 0.15037593984962405,
        "f1_score": 0.08396635214186192
    }
}