{
    "sequence_length": 150,
    "best_hyperparameters": {
        "max_depth": 20,
        "min_child_samples": 20,
        "min_split_gain": 0.0,
        "n_estimators": 200
    },
    "metrics": {
        "accuracy": 0.9137931034482759,
        "precision": 0.9313585688358827,
        "recall": 0.9137931034482759,
        "f1_score": 0.9191963847136261
    },
    "runtime_s": 128.42
}