{
    "sequence_length": 100,
    "best_hyperparameters": {
        "max_depth": 10,
        "min_child_samples": 10,
        "min_split_gain": 0.0,
        "n_estimators": 200
    },
    "metrics": {
        "accuracy": 0.7846153846153846,
        "precision": 0.6985111662531018,
        "recall": 0.7846153846153846,
        "f1_score": 0.7266606334841628
    },
    "runtime_s": 126.9
}