{
    "sequence_length": 600,
    "best_hyperparameters": {
        "max_depth": 20,
        "min_child_samples": 10,
        "min_split_gain": 0.1,
        "n_estimators": 500
    },
    "metrics": {
        "accuracy": 0.9459459459459459,
        "precision": 0.8996138996138996,
        "recall": 0.9459459459459459,
        "f1_score": 0.9209979209979211
    },
    "runtime_s": 200.75
}