{
    "sequence_length": 500,
    "best_hyperparameters": {
        "max_depth": 10,
        "min_child_samples": 10,
        "min_split_gain": 0.0,
        "n_estimators": 200
    },
    "metrics": {
        "accuracy": 0.8947368421052632,
        "precision": 0.8590225563909774,
        "recall": 0.8947368421052632,
        "f1_score": 0.8742690058479534
    },
    "runtime_s": 241.27
}