{
    "sequence_length": 100,
    "best_hyperparameters": {
        "units": 96,
        "optimizer": "sgd",
        "learning_rate": 0.0001
    },
    "batch_size_used": 32,
    "metrics": {
        "accuracy": 0.6666666666666666,
        "precision": 0.47619047619047616,
        "recall": 0.6666666666666666,
        "f1_score": 0.5555555555555556
    }
}