{
    "sequence_length": 75,
    "best_hyperparameters": {
        "units": 64,
        "optimizer": "adam",
        "learning_rate": 0.0001,
        "batch_size": 32
    },
    "batch_size_used": 32,
    "metrics": {
        "accuracy": 0.3684210526315789,
        "precision": 0.24635741897115673,
        "recall": 0.3684210526315789,
        "f1_score": 0.2933930571108622
    }
}