{
    "sequence_length": 40,
    "best_hyperparameters": {
        "units": 32,
        "optimizer": "adam",
        "learning_rate": 0.001
    },
    "batch_size_used": 32,
    "metrics": {
        "accuracy": 0.6470588235294118,
        "precision": 0.43459174714661986,
        "recall": 0.6470588235294118,
        "f1_score": 0.5199579831932772
    }
}