{
    "sequence_length": 20,
    "best_hyperparameters": {
        "units": 32,
        "optimizer": "adam",
        "learning_rate": 0.01,
        "batch_size": 64
    },
    "batch_size_used": 64,
    "metrics": {
        "accuracy": 0.7085201793721974,
        "precision": 0.7122774684209662,
        "recall": 0.7085201793721974,
        "f1_score": 0.7102607853897365
    }
}