{
    "sequence_length": 30,
    "best_hyperparameters": {
        "units": 128,
        "optimizer": "adam",
        "learning_rate": 0.001,
        "batch_size": 32
    },
    "batch_size_used": 32,
    "metrics": {
        "accuracy": 0.572289156626506,
        "precision": 0.5656069092423204,
        "recall": 0.572289156626506,
        "f1_score": 0.5651412113098859
    }
}