{
    "sequence_length": 10,
    "best_hyperparameters": {
        "hidden_size": 64,
        "lr": 0.001,
        "optimizer": "adam"
    },
    "metrics": {
        "accuracy": 0.5928571428571429,
        "precision": 0.706952929197995,
        "recall": 0.5928571428571429,
        "f1_score": 0.6157243594192894,
        "num_samples": 1240,
        "sequence_length": 10
    },
    "runtime_seconds": 33.49
}