{
    "sequence_length": 125,
    "best_hyperparameters": {
        "hidden_size": 160,
        "lr": 0.0001,
        "optimizer": "adam"
    },
    "metrics": {
        "accuracy": 0.6666666666666666,
        "precision": 0.4444444444444444,
        "recall": 0.6666666666666666,
        "f1_score": 0.5333333333333333,
        "num_samples": 247,
        "sequence_length": 125
    },
    "runtime_seconds": 5.59
}