{
    "sequence_length": 75,
    "best_hyperparameters": {
        "hidden_size": 128,
        "lr": 0.0005,
        "optimizer": "sgd"
    },
    "metrics": {
        "accuracy": 0.2222222222222222,
        "precision": 0.08020050125313283,
        "recall": 0.2222222222222222,
        "f1_score": 0.10911074740861974,
        "num_samples": 378,
        "sequence_length": 75
    },
    "runtime_seconds": 8.78
}