{
    "sequence_length": 40,
    "best_hyperparameters": {
        "hidden_size": 64,
        "lr": 0.0001,
        "optimizer": "adam"
    },
    "metrics": {
        "accuracy": 0.4852941176470588,
        "precision": 0.5850912778904666,
        "recall": 0.4852941176470588,
        "f1_score": 0.5039384304090186,
        "num_samples": 585,
        "sequence_length": 40
    },
    "runtime_seconds": 9.27
}