{
    "sequence_length": 150,
    "best_hyperparameters": {
        "hidden_size": 96,
        "lr": 0.0001,
        "optimizer": "sgd"
    },
    "metrics": {
        "accuracy": 0.5833333333333334,
        "precision": 0.34027777777777785,
        "recall": 0.5833333333333334,
        "f1_score": 0.4298245614035088,
        "num_samples": 186,
        "sequence_length": 150
    },
    "runtime_seconds": 2.8
}