{
    "sequence_length": 1000,
    "best_hyperparameters": {
        "d_model": 32,
        "num_heads": 2,
        "num_layers": 1
    },
    "metrics": {
        "accuracy": 0.28,
        "precision": 0.6266666666666666,
        "recall": 0.28,
        "f1_score": 0.30490043290043295
    }
}