{
    "sequence_length": 150,
    "best_hyperparameters": {
        "d_model": 32,
        "num_heads": 2,
        "num_layers": 2
    },
    "metrics": {
        "accuracy": 0.2857142857142857,
        "precision": 0.15584415584415584,
        "recall": 0.2857142857142857,
        "f1_score": 0.19791666666666666
    }
}