{
    "sequence_length": 600,
    "best_hyperparameters": {
        "d_model": 32,
        "num_heads": 2,
        "num_layers": 2
    },
    "metrics": {
        "accuracy": 0.2222222222222222,
        "precision": 0.17460317460317462,
        "recall": 0.2222222222222222,
        "f1_score": 0.1943019943019943
    }
}