{
    "sequence_length": 200,
    "best_hyperparameters": {
        "d_model": 64,
        "num_heads": 4,
        "num_layers": 2
    },
    "metrics": {
        "accuracy": 0.25,
        "precision": 0.19642857142857142,
        "recall": 0.25,
        "f1_score": 0.21428571428571427
    }
}