{
    "sequence_length": 1500,
    "best_hyperparameters": {
        "d_model": 64,
        "num_heads": 4,
        "num_layers": 2
    },
    "metrics": {
        "accuracy": 0.13043478260869565,
        "precision": 0.22463768115942026,
        "recall": 0.13043478260869565,
        "f1_score": 0.15993788819875776
    }
}