{
    "sequence_length": 100,
    "best_hyperparameters": {
        "d_model": 64,
        "num_heads": 4,
        "num_layers": 2
    },
    "metrics": {
        "accuracy": 0.5517241379310345,
        "precision": 0.6026272577996715,
        "recall": 0.5517241379310345,
        "f1_score": 0.5448402172540103
    }
}