{
    "sequence_length": 1400,
    "best_hyperparameters": {
        "d_model": 64,
        "num_heads": 4,
        "num_layers": 2
    },
    "metrics": {
        "accuracy": 0.46835443037974683,
        "precision": 0.47479861910241655,
        "recall": 0.46835443037974683,
        "f1_score": 0.454073957596247
    }
}