{
    "sequence_length": 1000,
    "best_hyperparameters": {
        "d_model": 64,
        "num_heads": 4,
        "num_layers": 2
    },
    "metrics": {
        "accuracy": 0.6037735849056604,
        "precision": 0.5917265648397724,
        "recall": 0.6037735849056604,
        "f1_score": 0.5823288346873253
    }
}