{
    "sequence_length": 200,
    "best_hyperparameters": {
        "d_model": 64,
        "num_heads": 2,
        "num_layers": 2
    },
    "metrics": {
        "accuracy": 0.5135135135135135,
        "precision": 0.5215367965367965,
        "recall": 0.5135135135135135,
        "f1_score": 0.49624186094774336
    }
}