{
    "sequence_length": 1200,
    "best_hyperparameters": {
        "d_model": 64,
        "num_heads": 2,
        "num_layers": 2
    },
    "metrics": {
        "accuracy": 0.4957983193277311,
        "precision": 0.5740948127502749,
        "recall": 0.4957983193277311,
        "f1_score": 0.4841243836172842
    }
}