{
    "sequence_length": 600,
    "best_hyperparameters": {
        "d_model": 64,
        "num_heads": 4,
        "num_layers": 2
    },
    "metrics": {
        "accuracy": 0.5619047619047619,
        "precision": 0.5317460317460317,
        "recall": 0.5619047619047619,
        "f1_score": 0.5235970378827521
    }
}