{
    "sequence_length": 150,
    "best_hyperparameters": {
        "d_model": 64,
        "num_heads": 2,
        "num_layers": 2
    },
    "metrics": {
        "accuracy": 0.6015037593984962,
        "precision": 0.573358992719895,
        "recall": 0.6015037593984962,
        "f1_score": 0.568864131240821
    }
}