{
    "sequence_length": 1500,
    "best_hyperparameters": {
        "d_model": 64,
        "num_heads": 4,
        "num_layers": 2
    },
    "metrics": {
        "accuracy": 0.45544554455445546,
        "precision": 0.4747674767476748,
        "recall": 0.45544554455445546,
        "f1_score": 0.4228189851952228
    }
}