{
    "sequence_length": 2000,
    "best_hyperparameters": {
        "d_model": 64,
        "num_heads": 4,
        "num_layers": 2
    },
    "metrics": {
        "accuracy": 0.43661971830985913,
        "precision": 0.3596579476861167,
        "recall": 0.43661971830985913,
        "f1_score": 0.3674820622625097
    }
}