{
    "sequence_length": 100,
    "best_params": {
        "bootstrap": false,
        "max_depth": null,
        "min_samples_leaf": 1,
        "min_samples_split": 5,
        "n_estimators": 100
    },
    "metrics": {
        "accuracy": 0.6944444444444444,
        "precision": 0.48225308641975306,
        "recall": 0.6944444444444444,
        "f1_score": 0.569216757741348
    }
}