{
    "sequence_length": 75,
    "best_params": {
        "bootstrap": false,
        "max_depth": null,
        "min_samples_leaf": 1,
        "min_samples_split": 2,
        "n_estimators": 100
    },
    "metrics": {
        "accuracy": 0.6444444444444445,
        "precision": 0.5052845528455284,
        "recall": 0.6444444444444445,
        "f1_score": 0.5565908270133622
    }
}