{
    "sequence_length": 50,
    "best_params": {
        "bootstrap": false,
        "max_depth": null,
        "min_samples_leaf": 1,
        "min_samples_split": 2,
        "n_estimators": 100
    },
    "metrics": {
        "accuracy": 0.6610169491525424,
        "precision": 0.45587375803623614,
        "recall": 0.6610169491525424,
        "f1_score": 0.5396056727775856
    }
}