{
    "sequence_length": 40,
    "best_params": {
        "bootstrap": false,
        "max_depth": null,
        "min_samples_leaf": 1,
        "min_samples_split": 5,
        "n_estimators": 200
    },
    "metrics": {
        "accuracy": 0.6617647058823529,
        "precision": 0.6027000964320154,
        "recall": 0.6617647058823529,
        "f1_score": 0.5922277716117894
    }
}