{
    "sequence_length": 125,
    "best_params": {
        "bootstrap": false,
        "max_depth": 10,
        "min_samples_leaf": 1,
        "min_samples_split": 5,
        "n_estimators": 200
    },
    "metrics": {
        "accuracy": 0.6666666666666666,
        "precision": 0.4444444444444444,
        "recall": 0.6666666666666666,
        "f1_score": 0.5333333333333333
    }
}