{
    "sequence_length": 700,
    "best_hyperparameters": {
        "max_depth": 10,
        "min_child_samples": 20,
        "min_split_gain": 0.0,
        "n_estimators": 200
    },
    "metrics": {
        "accuracy": 0.9428571428571428,
        "precision": 0.9516483516483516,
        "recall": 0.9428571428571428,
        "f1_score": 0.9426406926406926
    },
    "runtime_s": 179.18
}