{
    "sequence_length": 800,
    "best_hyperparameters": {
        "max_depth": 20,
        "min_child_samples": 10,
        "min_split_gain": 0.0,
        "n_estimators": 500
    },
    "metrics": {
        "accuracy": 0.78125,
        "precision": 0.7207386363636363,
        "recall": 0.78125,
        "f1_score": 0.7392361111111111
    },
    "runtime_s": 130.77
}