{
    "sequence_length": 600,
    "best_hyperparameters": {
        "max_depth": 10,
        "min_child_samples": 10,
        "min_split_gain": 0.0,
        "n_estimators": 200
    },
    "metrics": {
        "accuracy": 0.9459459459459459,
        "precision": 0.9209979209979211,
        "recall": 0.9459459459459459,
        "f1_score": 0.9329729729729729
    },
    "runtime_s": 121.25
}