{
    "sequence_length": 100,
    "best_hyperparameters": {
        "max_depth": 10,
        "min_child_samples": 20,
        "min_split_gain": 0.0,
        "n_estimators": 200
    },
    "metrics": {
        "accuracy": 0.7538461538461538,
        "precision": 0.7205128205128204,
        "recall": 0.7538461538461538,
        "f1_score": 0.7209377289377289
    },
    "runtime_s": 105.17
}