{
    "sequence_length": 200,
    "best_hyperparameters": {
        "max_depth": 10,
        "min_child_samples": 20,
        "min_split_gain": 0.1,
        "n_estimators": 200
    },
    "metrics": {
        "accuracy": 0.9074074074074074,
        "precision": 0.927196804647785,
        "recall": 0.9074074074074074,
        "f1_score": 0.9142628205128205
    },
    "runtime_s": 136.85
}