{
    "sequence_length": 400,
    "best_hyperparameters": {
        "max_depth": 10,
        "min_child_samples": 20,
        "min_split_gain": 0.0,
        "n_estimators": 200
    },
    "metrics": {
        "accuracy": 0.9069767441860465,
        "precision": 0.8649900031568977,
        "recall": 0.9069767441860465,
        "f1_score": 0.8852431289640591
    },
    "runtime_s": 113.35
}