{
    "sequence_length": 30,
    "best_hyperparameters": {
        "d_model": 64,
        "num_heads": 4,
        "num_layers": 2
    },
    "metrics": {
        "accuracy": 0.525,
        "precision": 0.48479166666666673,
        "recall": 0.525,
        "f1_score": 0.49319832085318815
    }
}