{
    "sequence_length": 100,
    "best_hyperparameters": {
        "d_model": 64,
        "num_heads": 4,
        "num_layers": 2
    },
    "metrics": {
        "accuracy": 0.5555555555555556,
        "precision": 0.6252645502645504,
        "recall": 0.5555555555555556,
        "f1_score": 0.5811865526352386
    }
}