{
    "sequence_length": 40,
    "best_hyperparameters": {
        "d_model": 64,
        "num_heads": 4,
        "num_layers": 2
    },
    "metrics": {
        "accuracy": 0.5588235294117647,
        "precision": 0.5572478991596638,
        "recall": 0.5588235294117647,
        "f1_score": 0.5554769984917044
    }
}