{
    "sequence_length": 150,
    "best_hyperparameters": {
        "d_model": 64,
        "num_heads": 4,
        "num_layers": 2
    },
    "metrics": {
        "accuracy": 0.3333333333333333,
        "precision": 0.375,
        "recall": 0.3333333333333333,
        "f1_score": 0.34700854700854705
    }
}