{
    "sequence_length": 75,
    "best_hyperparameters": {
        "d_model": 64,
        "num_heads": 4,
        "num_layers": 1
    },
    "metrics": {
        "accuracy": 0.5111111111111111,
        "precision": 0.49962962962962965,
        "recall": 0.5111111111111111,
        "f1_score": 0.5010605808207007
    }
}