{
    "sequence_length": 10,
    "best_hyperparameters": {
        "d_model": 64,
        "num_heads": 4,
        "num_layers": 1
    },
    "metrics": {
        "accuracy": 0.6214285714285714,
        "precision": 0.6917684705847149,
        "recall": 0.6214285714285714,
        "f1_score": 0.6438857891734268
    }
}