{
    "sequence_length": 600,
    "best_hyperparameters": {
        "d_model": 32,
        "num_heads": 2,
        "num_layers": 1
    },
    "metrics": {
        "accuracy": 0.35135135135135137,
        "precision": 0.12687687687687688,
        "recall": 0.35135135135135137,
        "f1_score": 0.18643132928847214
    }
}