{
    "sequence_length": 150,
    "best_hyperparameters": {
        "d_model": 64,
        "num_heads": 2,
        "num_layers": 2
    },
    "metrics": {
        "accuracy": 0.3620689655172414,
        "precision": 0.13823351482153662,
        "recall": 0.3620689655172414,
        "f1_score": 0.19637259292431705
    }
}