{
    "sequence_length": 200,
    "best_hyperparameters": {
        "d_model": 32,
        "num_heads": 4,
        "num_layers": 2
    },
    "metrics": {
        "accuracy": 0.37037037037037035,
        "precision": 0.14675052410901468,
        "recall": 0.37037037037037035,
        "f1_score": 0.21021021021021025
    }
}