{
    "sequence_length": 300,
    "best_hyperparameters": {
        "d_model": 32,
        "num_heads": 2,
        "num_layers": 2
    },
    "metrics": {
        "accuracy": 0.425531914893617,
        "precision": 0.1810774105930285,
        "recall": 0.425531914893617,
        "f1_score": 0.2540489044140997
    }
}