{
    "sequence_length": 500,
    "best_hyperparameters": {
        "d_model": 32,
        "num_heads": 4,
        "num_layers": 2
    },
    "metrics": {
        "accuracy": 0.34210526315789475,
        "precision": 0.12353801169590643,
        "recall": 0.34210526315789475,
        "f1_score": 0.18152524167561762
    }
}