{
    "sequence_length": 400,
    "best_hyperparameters": {
        "d_model": 64,
        "num_heads": 2,
        "num_layers": 1
    },
    "metrics": {
        "accuracy": 0.37209302325581395,
        "precision": 0.14174972314507198,
        "recall": 0.37209302325581395,
        "f1_score": 0.20529270248596632
    }
}