{
    "sequence_length": 100,
    "best_hyperparameters": {
        "d_model": 64,
        "num_heads": 2,
        "num_layers": 1
    },
    "metrics": {
        "accuracy": 0.3076923076923077,
        "precision": 0.19997473790577236,
        "recall": 0.3076923076923077,
        "f1_score": 0.23436076119002947
    }
}