{
    "sequence_length": 2000,
    "best_hyperparameters": {
        "d_model": 64,
        "num_heads": 4,
        "num_layers": 1
    },
    "metrics": {
        "accuracy": 0.23809523809523808,
        "precision": 0.26530612244897955,
        "recall": 0.23809523809523808,
        "f1_score": 0.22010582010582014
    }
}