{
    "sequence_length": 100,
    "best_hyperparameters": {
        "d_model": 64,
        "num_heads": 2,
        "num_layers": 2
    },
    "metrics": {
        "accuracy": 0.3793103448275862,
        "precision": 0.31855500821018057,
        "recall": 0.3793103448275862,
        "f1_score": 0.33522799040040424
    }
}