{
    "sequence_length": 600,
    "best_hyperparameters": {
        "d_model": 64,
        "num_heads": 4,
        "num_layers": 1
    },
    "metrics": {
        "accuracy": 0.3333333333333333,
        "precision": 0.2678062678062678,
        "recall": 0.3333333333333333,
        "f1_score": 0.26971677559912854
    }
}