{
    "sequence_length": 400,
    "best_hyperparameters": {
        "d_model": 32,
        "num_heads": 4,
        "num_layers": 1
    },
    "metrics": {
        "accuracy": 0.25925925925925924,
        "precision": 0.1349206349206349,
        "recall": 0.25925925925925924,
        "f1_score": 0.1734006734006734
    }
}