{
    "sequence_length": 150,
    "best_hyperparameters": {
        "d_model": 64,
        "num_heads": 2,
        "num_layers": 2
    },
    "metrics": {
        "accuracy": 0.32142857142857145,
        "precision": 0.26904761904761904,
        "recall": 0.32142857142857145,
        "f1_score": 0.26785714285714285
    }
}