{
    "sequence_length": 800,
    "best_hyperparameters": {
        "d_model": 32,
        "num_heads": 4,
        "num_layers": 2
    },
    "metrics": {
        "accuracy": 0.34615384615384615,
        "precision": 0.4141025641025641,
        "recall": 0.34615384615384615,
        "f1_score": 0.33293471234647704
    }
}