{
    "sequence_length": 1500,
    "best_hyperparameters": {
        "d_model": 32,
        "num_heads": 2,
        "num_layers": 1
    },
    "metrics": {
        "accuracy": 0.21739130434782608,
        "precision": 0.16666666666666666,
        "recall": 0.21739130434782608,
        "f1_score": 0.14906832298136646
    }
}