{
    "sequence_length": 100,
    "best_params": {
        "bootstrap": false,
        "max_depth": null,
        "min_samples_leaf": 1,
        "min_samples_split": 2,
        "n_estimators": 50
    },
    "metrics": {
        "accuracy": 0.7222222222222222,
        "precision": 0.5216049382716049,
        "recall": 0.7222222222222222,
        "f1_score": 0.6057347670250897
    }
}