{
    "sequence_length": 10,
    "best_params": {
        "bootstrap": false,
        "max_depth": null,
        "min_samples_leaf": 1,
        "min_samples_split": 2,
        "n_estimators": 50
    },
    "metrics": {
        "accuracy": 0.5357142857142857,
        "precision": 0.6079283619606201,
        "recall": 0.5357142857142857,
        "f1_score": 0.5591165697048049
    }
}