{
    "sequence_length": 125,
    "best_params": {
        "bootstrap": false,
        "max_depth": null,
        "min_samples_leaf": 1,
        "min_samples_split": 2,
        "n_estimators": 200
    },
    "metrics": {
        "accuracy": 0.5666666666666667,
        "precision": 0.32111111111111107,
        "recall": 0.5666666666666667,
        "f1_score": 0.40992907801418443
    }
}