{
    "sequence_length": 100,
    "best_hyperparameters": {
        "d_model": 64,
        "num_heads": 4,
        "num_layers": 1
    },
    "metrics": {
        "accuracy": 0.2903225806451613,
        "precision": 0.2524813895781638,
        "recall": 0.2903225806451613,
        "f1_score": 0.261485826001955
    }
}