{
    "sequence_length": 2000,
    "best_hyperparameters": {
        "d_model": 64,
        "num_heads": 2,
        "num_layers": 1
    },
    "metrics": {
        "accuracy": 0.2608695652173913,
        "precision": 0.32028985507246377,
        "recall": 0.2608695652173913,
        "f1_score": 0.27577639751552796
    }
}