{
    "sequence_length": 1500,
    "best_hyperparameters": {
        "d_model": 64,
        "num_heads": 4,
        "num_layers": 2
    },
    "metrics": {
        "accuracy": 0.4583333333333333,
        "precision": 0.5416666666666666,
        "recall": 0.4583333333333333,
        "f1_score": 0.4916666666666667
    }
}