{
    "sequence_length": 1400,
    "best_hyperparameters": {
        "d_model": 32,
        "num_heads": 2,
        "num_layers": 1
    },
    "metrics": {
        "accuracy": 0.375,
        "precision": 0.5069444444444444,
        "recall": 0.375,
        "f1_score": 0.3935463659147869
    }
}