{
    "sequence_length": 2500,
    "best_hyperparameters": {
        "d_model": 32,
        "num_heads": 2,
        "num_layers": 1
    },
    "metrics": {
        "accuracy": 0.4090909090909091,
        "precision": 0.5075757575757576,
        "recall": 0.4090909090909091,
        "f1_score": 0.434435261707989
    }
}