{
    "sequence_length": 400,
    "best_hyperparameters": {
        "d_model": 64,
        "num_heads": 2,
        "num_layers": 2
    },
    "metrics": {
        "accuracy": 0.5862068965517241,
        "precision": 0.5862068965517241,
        "recall": 0.5862068965517241,
        "f1_score": 0.5862068965517241
    }
}