{
    "sequence_length": 800,
    "best_hyperparameters": {
        "d_model": 64,
        "num_heads": 2,
        "num_layers": 2
    },
    "metrics": {
        "accuracy": 0.3333333333333333,
        "precision": 0.42592592592592593,
        "recall": 0.3333333333333333,
        "f1_score": 0.37037037037037035
    }
}