{
    "sequence_length": 1000,
    "best_hyperparameters": {
        "d_model": 32,
        "num_heads": 2,
        "num_layers": 2
    },
    "metrics": {
        "accuracy": 0.5185185185185185,
        "precision": 0.5370370370370371,
        "recall": 0.5185185185185185,
        "f1_score": 0.4962962962962963
    }
}