{
    "sequence_length": 150,
    "best_hyperparameters": {
        "d_model": 64,
        "num_heads": 4,
        "num_layers": 2
    },
    "metrics": {
        "accuracy": 0.3870967741935484,
        "precision": 0.3419354838709677,
        "recall": 0.3870967741935484,
        "f1_score": 0.34893063925321993
    }
}