{
    "sequence_length": 600,
    "best_hyperparameters": {
        "d_model": 32,
        "num_heads": 2,
        "num_layers": 2
    },
    "metrics": {
        "accuracy": 0.5714285714285714,
        "precision": 0.7642857142857142,
        "recall": 0.5714285714285714,
        "f1_score": 0.6456043956043956
    }
}