{
    "sequence_length": 150,
    "best_hyperparameters": {
        "max_depth": 20,
        "min_child_samples": 10,
        "min_split_gain": 0.0,
        "n_estimators": 500
    },
    "metrics": {
        "accuracy": 0.5357142857142857,
        "precision": 0.5025510204081632,
        "recall": 0.5357142857142857,
        "f1_score": 0.48863636363636365
    },
    "runtime_s": 121.37
}