{
    "sequence_length": 200,
    "best_hyperparameters": {
        "max_depth": 10,
        "min_child_samples": 20,
        "min_split_gain": 0.1,
        "n_estimators": 200
    },
    "metrics": {
        "accuracy": 0.42857142857142855,
        "precision": 0.3147959183673469,
        "recall": 0.42857142857142855,
        "f1_score": 0.3556998556998557
    },
    "runtime_s": 100.79
}