{
    "sequence_length": 100,
    "best_hyperparameters": {
        "subsample": 0.6,
        "n_estimators": 300,
        "max_depth": 5,
        "learning_rate": 0.01,
        "colsample_bytree": 0.6
    },
    "metrics": {
        "accuracy": 0.7846153846153846,
        "precision": 0.7071320836026719,
        "recall": 0.7846153846153846,
        "f1_score": 0.7342843822843823
    }
}