{
    "sequence_length": 30,
    "best_hyperparameters": {
        "d_model": 64,
        "num_heads": 2,
        "num_layers": 2
    },
    "metrics": {
        "accuracy": 0.625,
        "precision": 0.6256040834165834,
        "recall": 0.625,
        "f1_score": 0.6140396567031666
    }
}