{
    "sequence_length": 150,
    "best_hyperparameters": {
        "d_model": 64,
        "num_heads": 2,
        "num_layers": 2
    },
    "metrics": {
        "accuracy": 0.5833333333333334,
        "precision": 0.5350877192982456,
        "recall": 0.5833333333333334,
        "f1_score": 0.5353535353535354
    }
}