{
    "sequence_length": 10,
    "best_hyperparameters": {
        "d_model": 64,
        "num_heads": 2,
        "num_layers": 2
    },
    "metrics": {
        "accuracy": 0.5785714285714286,
        "precision": 0.661385874399573,
        "recall": 0.5785714285714286,
        "f1_score": 0.6040005702879955
    }
}