{
    "sequence_length": 100,
    "best_hyperparameters": {
        "d_model": 32,
        "num_heads": 4,
        "num_layers": 2
    },
    "metrics": {
        "accuracy": 0.6666666666666666,
        "precision": 0.5745370370370371,
        "recall": 0.6666666666666666,
        "f1_score": 0.6170634920634921
    }
}