{
    "sequence_length": 400,
    "best_hyperparameters": {
        "d_model": 64,
        "num_heads": 2,
        "num_layers": 2
    },
    "metrics": {
        "accuracy": 0.3103448275862069,
        "precision": 0.4678160919540229,
        "recall": 0.3103448275862069,
        "f1_score": 0.3660280970625798
    }
}