{
    "sequence_length": 800,
    "best_hyperparameters": {
        "d_model": 64,
        "num_heads": 4,
        "num_layers": 1
    },
    "metrics": {
        "accuracy": 0.2222222222222222,
        "precision": 0.27530864197530863,
        "recall": 0.2222222222222222,
        "f1_score": 0.23633156966490299
    }
}