{
    "sequence_length": 2500,
    "best_hyperparameters": {
        "d_model": 32,
        "num_heads": 2,
        "num_layers": 1
    },
    "metrics": {
        "accuracy": 0.18181818181818182,
        "precision": 0.5181818181818182,
        "recall": 0.18181818181818182,
        "f1_score": 0.22673160173160173
    }
}