{
    "sequence_length": 1500,
    "best_hyperparameters": {
        "d_model": 64,
        "num_heads": 2,
        "num_layers": 1
    },
    "metrics": {
        "accuracy": 0.3333333333333333,
        "precision": 0.3541666666666667,
        "recall": 0.3333333333333333,
        "f1_score": 0.33769841269841266
    }
}