{
    "sequence_length": 1000,
    "best_hyperparameters": {
        "d_model": 32,
        "num_heads": 2,
        "num_layers": 1
    },
    "metrics": {
        "accuracy": 0.2222222222222222,
        "precision": 0.3111111111111111,
        "recall": 0.2222222222222222,
        "f1_score": 0.24603174603174602
    }
}