{
    "sequence_length": 800,
    "best_hyperparameters": {
        "max_depth": 20,
        "min_child_samples": 20,
        "min_split_gain": 0.0,
        "n_estimators": 200
    },
    "metrics": {
        "accuracy": 0.37037037037037035,
        "precision": 0.2419753086419753,
        "recall": 0.37037037037037035,
        "f1_score": 0.28703703703703703
    },
    "runtime_s": 411.89
}