{
    "sequence_length": 1500,
    "best_hyperparameters": {
        "max_depth": 20,
        "min_child_samples": 20,
        "min_split_gain": 0.0,
        "n_estimators": 500
    },
    "metrics": {
        "accuracy": 0.4583333333333333,
        "precision": 0.45235042735042735,
        "recall": 0.4583333333333333,
        "f1_score": 0.4277777777777778
    },
    "runtime_s": 598.6
}