{
    "sequence_length": 100,
    "best_hyperparameters": {
        "max_depth": 20,
        "min_child_samples": 20,
        "min_split_gain": 0.0,
        "n_estimators": 500
    },
    "metrics": {
        "accuracy": 0.25806451612903225,
        "precision": 0.21658986175115208,
        "recall": 0.25806451612903225,
        "f1_score": 0.23483870967741932
    },
    "runtime_s": 132.63
}