{
    "sequence_length": 2000,
    "best_hyperparameters": {
        "max_depth": 10,
        "min_child_samples": 20,
        "min_split_gain": 0.0,
        "n_estimators": 200
    },
    "metrics": {
        "accuracy": 0.2608695652173913,
        "precision": 0.2630434782608696,
        "recall": 0.2608695652173913,
        "f1_score": 0.22583120204603577
    },
    "runtime_s": 500.47
}