{
    "sequence_length": 200,
    "best_hyperparameters": {
        "max_depth": 10,
        "min_child_samples": 10,
        "min_split_gain": 0.1,
        "n_estimators": 200
    },
    "metrics": {
        "accuracy": 0.3333333333333333,
        "precision": 0.2549019607843137,
        "recall": 0.3333333333333333,
        "f1_score": 0.28735632183908044
    },
    "runtime_s": 121.44
}