{
    "sequence_length": 2500,
    "best_hyperparameters": {
        "max_depth": 10,
        "min_child_samples": 20,
        "min_split_gain": 0.1,
        "n_estimators": 200
    },
    "metrics": {
        "accuracy": 0.4090909090909091,
        "precision": 0.38825757575757575,
        "recall": 0.4090909090909091,
        "f1_score": 0.3913419913419913
    },
    "runtime_s": 580.62
}