{
    "sequence_length": 400,
    "best_hyperparameters": {
        "max_depth": 10,
        "min_child_samples": 20,
        "min_split_gain": 0.0,
        "n_estimators": 500
    },
    "metrics": {
        "accuracy": 0.6206896551724138,
        "precision": 0.48380355276907,
        "recall": 0.6206896551724138,
        "f1_score": 0.5430592396109638
    },
    "runtime_s": 178.18
}