{
    "sequence_length": 150,
    "best_hyperparameters": {
        "max_depth": 10,
        "min_child_samples": 10,
        "min_split_gain": 0.0,
        "n_estimators": 200
    },
    "metrics": {
        "accuracy": 0.3870967741935484,
        "precision": 0.47881087919038584,
        "recall": 0.3870967741935484,
        "f1_score": 0.32462877624167946
    },
    "runtime_s": 111.48
}