{
    "sequence_length": 100,
    "best_hyperparameters": {
        "hidden_size": 128,
        "lr": 0.0001,
        "optimizer": "adam"
    },
    "metrics": {
        "accuracy": 0.1935483870967742,
        "precision": 0.2118279569892473,
        "recall": 0.1935483870967742,
        "f1_score": 0.1978494623655914,
        "num_samples": 818,
        "sequence_length": 100
    },
    "runtime_seconds": 29.95
}