{
    "sequence_length": 1400,
    "best_hyperparameters": {
        "hidden_size": 192,
        "lr": 0.0005,
        "optimizer": "adam"
    },
    "metrics": {
        "accuracy": 0.5833333333333334,
        "precision": 0.4963235294117647,
        "recall": 0.5833333333333334,
        "f1_score": 0.5222222222222223,
        "num_samples": 694,
        "sequence_length": 1400
    },
    "runtime_seconds": 31.09
}