{
    "sequence_length": 400,
    "best_hyperparameters": {
        "hidden_size": 192,
        "lr": 0.001,
        "optimizer": "rmsprop"
    },
    "metrics": {
        "accuracy": 0.6071428571428571,
        "precision": 0.47727272727272724,
        "recall": 0.6071428571428571,
        "f1_score": 0.5338827838827839,
        "num_samples": 820,
        "sequence_length": 400
    },
    "runtime_seconds": 33.71
}