{
    "sequence_length": 2000,
    "best_hyperparameters": {
        "hidden_size": 192,
        "lr": 0.001,
        "optimizer": "sgd"
    },
    "metrics": {
        "accuracy": 0.09523809523809523,
        "precision": 0.06349206349206349,
        "recall": 0.09523809523809523,
        "f1_score": 0.07142857142857142,
        "num_samples": 529,
        "sequence_length": 2000
    },
    "runtime_seconds": 26.71
}