{
    "sequence_length": 600,
    "best_hyperparameters": {
        "hidden_size": 96,
        "lr": 0.0005,
        "optimizer": "adam"
    },
    "metrics": {
        "accuracy": 0.6428571428571429,
        "precision": 0.593358395989975,
        "recall": 0.6428571428571429,
        "f1_score": 0.6112244897959184,
        "num_samples": 676,
        "sequence_length": 600
    },
    "runtime_seconds": 28.51
}