{
    "sequence_length": 800,
    "best_hyperparameters": {
        "hidden_size": 160,
        "lr": 0.001,
        "optimizer": "adam"
    },
    "metrics": {
        "accuracy": 0.3333333333333333,
        "precision": 0.3804713804713805,
        "recall": 0.3333333333333333,
        "f1_score": 0.337037037037037,
        "num_samples": 858,
        "sequence_length": 800
    },
    "runtime_seconds": 32.61
}