{
    "sequence_length": 200,
    "best_hyperparameters": {
        "hidden_size": 128,
        "lr": 0.001,
        "optimizer": "adam"
    },
    "metrics": {
        "accuracy": 0.3793103448275862,
        "precision": 0.3634870876250187,
        "recall": 0.3793103448275862,
        "f1_score": 0.3666076052882649,
        "num_samples": 740,
        "sequence_length": 200
    },
    "runtime_seconds": 23.63
}