{
    "sequence_length": 2500,
    "best_hyperparameters": {
        "hidden_size": 160,
        "lr": 0.0005,
        "optimizer": "adam"
    },
    "metrics": {
        "accuracy": 0.42857142857142855,
        "precision": 0.4403628117913832,
        "recall": 0.42857142857142855,
        "f1_score": 0.42022263450834874,
        "num_samples": 551,
        "sequence_length": 2500
    },
    "runtime_seconds": 25.1
}