{
    "sequence_length": 200,
    "best_hyperparameters": {
        "d_model": 64,
        "num_heads": 2,
        "num_layers": 2
    },
    "metrics": {
        "accuracy": 0.4774774774774775,
        "precision": 0.5015970765970766,
        "recall": 0.4774774774774775,
        "f1_score": 0.4518053952264479
    }
}