{
    "sequence_length": 2000,
    "best_hyperparameters": {
        "d_model": 64,
        "num_heads": 2,
        "num_layers": 2
    },
    "metrics": {
        "accuracy": 0.49295774647887325,
        "precision": 0.4203961140580858,
        "recall": 0.49295774647887325,
        "f1_score": 0.43213066276446555
    }
}