{
    "sequence_length": 150,
    "best_hyperparameters": {
        "d_model": 64,
        "num_heads": 4,
        "num_layers": 2
    },
    "metrics": {
        "accuracy": 0.5639097744360902,
        "precision": 0.5889329655307098,
        "recall": 0.5639097744360902,
        "f1_score": 0.5497860499168117
    }
}