{
    "sequence_length": 1000,
    "best_hyperparameters": {
        "d_model": 64,
        "num_heads": 4,
        "num_layers": 2
    },
    "metrics": {
        "accuracy": 0.5849056603773585,
        "precision": 0.5413409703504043,
        "recall": 0.5849056603773585,
        "f1_score": 0.5388817157685083
    }
}