{
    "sequence_length": 100,
    "best_hyperparameters": {
        "d_model": 64,
        "num_heads": 4,
        "num_layers": 2
    },
    "metrics": {
        "accuracy": 0.4583333333333333,
        "precision": 0.40330991295903584,
        "recall": 0.4583333333333333,
        "f1_score": 0.4129866554012937
    }
}