{
    "sequence_length": 800,
    "best_hyperparameters": {
        "d_model": 64,
        "num_heads": 2,
        "num_layers": 2
    },
    "metrics": {
        "accuracy": 0.494949494949495,
        "precision": 0.43623206858500974,
        "recall": 0.494949494949495,
        "f1_score": 0.4462632765663069
    }
}