{
    "sequence_length": 600,
    "best_hyperparameters": {
        "d_model": 64,
        "num_heads": 2,
        "num_layers": 2
    },
    "metrics": {
        "accuracy": 0.5904761904761905,
        "precision": 0.5774500103071531,
        "recall": 0.5904761904761905,
        "f1_score": 0.5448542727114156
    }
}