{
    "sequence_length": 1400,
    "best_hyperparameters": {
        "d_model": 64,
        "num_heads": 4,
        "num_layers": 2
    },
    "metrics": {
        "accuracy": 0.4430379746835443,
        "precision": 0.46150820088195166,
        "recall": 0.4430379746835443,
        "f1_score": 0.4324188414657514
    }
}