{
    "sequence_length": 1500,
    "best_hyperparameters": {
        "d_model": 64,
        "num_heads": 4,
        "num_layers": 2
    },
    "metrics": {
        "accuracy": 0.46534653465346537,
        "precision": 0.4399064906490649,
        "recall": 0.46534653465346537,
        "f1_score": 0.4293254600185293
    }
}