{
    "sequence_length": 400,
    "best_hyperparameters": {
        "d_model": 64,
        "num_heads": 2,
        "num_layers": 2
    },
    "metrics": {
        "accuracy": 0.6557377049180327,
        "precision": 0.6695940671350507,
        "recall": 0.6557377049180327,
        "f1_score": 0.6205758722152166
    }
}