{
    "sequence_length": 600,
    "best_hyperparameters": {
        "d_model": 64,
        "num_heads": 2,
        "num_layers": 2
    },
    "metrics": {
        "accuracy": 0.8571428571428571,
        "precision": 0.8652755332902393,
        "recall": 0.8571428571428571,
        "f1_score": 0.8516738356318566
    }
}