{
    "sequence_length": 1000,
    "best_hyperparameters": {
        "d_model": 64,
        "num_heads": 4,
        "num_layers": 2
    },
    "metrics": {
        "accuracy": 0.8393782383419689,
        "precision": 0.8080336114662539,
        "recall": 0.8393782383419689,
        "f1_score": 0.8212623797485253
    }
}