{
    "sequence_length": 150,
    "best_hyperparameters": {
        "d_model": 64,
        "num_heads": 4,
        "num_layers": 2
    },
    "metrics": {
        "accuracy": 0.8695652173913043,
        "precision": 0.8712790430181735,
        "recall": 0.8695652173913043,
        "f1_score": 0.8678817557711443
    }
}