{
    "sequence_length": 100,
    "best_hyperparameters": {
        "d_model": 64,
        "num_heads": 4,
        "num_layers": 2
    },
    "metrics": {
        "accuracy": 0.9029126213592233,
        "precision": 0.9006643639531988,
        "recall": 0.9029126213592233,
        "f1_score": 0.8964995387958663
    }
}