{
    "sequence_length": 400,
    "best_hyperparameters": {
        "d_model": 64,
        "num_heads": 2,
        "num_layers": 2
    },
    "metrics": {
        "accuracy": 0.860655737704918,
        "precision": 0.8621149342460819,
        "recall": 0.860655737704918,
        "f1_score": 0.8568402145195457
    }
}