{
    "sequence_length": 200,
    "best_hyperparameters": {
        "d_model": 64,
        "num_heads": 2,
        "num_layers": 2
    },
    "metrics": {
        "accuracy": 0.8426395939086294,
        "precision": 0.8568471199148463,
        "recall": 0.8426395939086294,
        "f1_score": 0.841366249256677
    }
}