{
    "sequence_length": 800,
    "best_hyperparameters": {
        "d_model": 64,
        "num_heads": 2,
        "num_layers": 2
    },
    "metrics": {
        "accuracy": 0.8663366336633663,
        "precision": 0.8801626591230554,
        "recall": 0.8663366336633663,
        "f1_score": 0.8570272772522719
    }
}