{
    "sequence_length": 100,
    "best_hyperparameters": {
        "d_model": 64,
        "num_heads": 4,
        "num_layers": 2
    },
    "metrics": {
        "accuracy": 0.7704545454545455,
        "precision": 0.7342061308490677,
        "recall": 0.7704545454545455,
        "f1_score": 0.7296175815221909
    }
}