{
    "sequence_length": 600,
    "best_hyperparameters": {
        "d_model": 64,
        "num_heads": 2,
        "num_layers": 2
    },
    "metrics": {
        "accuracy": 0.890625,
        "precision": 0.8666666666666666,
        "recall": 0.890625,
        "f1_score": 0.8757232447965206
    }
}