{
    "sequence_length": 300,
    "best_hyperparameters": {
        "d_model": 64,
        "num_heads": 4,
        "num_layers": 2
    },
    "metrics": {
        "accuracy": 0.7941176470588235,
        "precision": 0.7743012555899553,
        "recall": 0.7941176470588235,
        "f1_score": 0.7574926273341057
    }
}