{
    "sequence_length": 500,
    "best_hyperparameters": {
        "d_model": 64,
        "num_heads": 2,
        "num_layers": 2
    },
    "metrics": {
        "accuracy": 0.9180327868852459,
        "precision": 0.92841717708521,
        "recall": 0.9180327868852459,
        "f1_score": 0.9170476351570562
    }
}