{
    "sequence_length": 700,
    "best_hyperparameters": {
        "d_model": 64,
        "num_heads": 4,
        "num_layers": 2
    },
    "metrics": {
        "accuracy": 0.9179487179487179,
        "precision": 0.9295143566111307,
        "recall": 0.9179487179487179,
        "f1_score": 0.9180897330725059
    }
}