{
    "sequence_length": 400,
    "best_hyperparameters": {
        "d_model": 64,
        "num_heads": 4,
        "num_layers": 2
    },
    "metrics": {
        "accuracy": 0.9166666666666666,
        "precision": 0.9301152868554831,
        "recall": 0.9166666666666666,
        "f1_score": 0.915939729780258
    }
}