{
    "sequence_length": 800,
    "best_params": {
        "bootstrap": false,
        "max_depth": null,
        "min_samples_leaf": 1,
        "min_samples_split": 2,
        "n_estimators": 300
    },
    "metrics": {
        "accuracy": 0.4074074074074074,
        "precision": 0.22407407407407406,
        "recall": 0.4074074074074074,
        "f1_score": 0.280970625798212
    }
}