{
    "sequence_length": 600,
    "best_params": {
        "bootstrap": false,
        "max_depth": null,
        "min_samples_leaf": 1,
        "min_samples_split": 2,
        "n_estimators": 300
    },
    "metrics": {
        "accuracy": 0.7142857142857143,
        "precision": 0.5952380952380951,
        "recall": 0.7142857142857143,
        "f1_score": 0.6272108843537415
    }
}