{
    "sequence_length": 300,
    "best_params": {
        "bootstrap": false,
        "max_depth": null,
        "min_samples_leaf": 1,
        "min_samples_split": 2,
        "n_estimators": 50
    },
    "metrics": {
        "accuracy": 0.9148936170212766,
        "precision": 0.9428191489361702,
        "recall": 0.9148936170212766,
        "f1_score": 0.922728922512183
    }
}